Date,CarrierCode,FlightNumber,Origin,Dest,clouds,temp,max_temp,min_temp,wind_dir,wind_spd,wind_gust_spd,snow,snow_depth,precip,pres,uv,dewpt,rh,slp,Arr_Delay_Status
6/1/2023,MQ,3402,ORD,SYR,26,24.3,32.8,15.6,178,1.6,7.6,0,0,0,1003,10.1,10.8,47,1018,Late
6/1/2023,B6,116,JFK,SYR,26,24.3,32.8,15.6,178,1.6,7.6,0,0,0,1003,10.1,10.8,47,1018,Early
6/1/2023,9E,5340,JFK,SYR,26,24.3,32.8,15.6,178,1.6,7.6,0,0,0,1003,10.1,10.8,47,1018,Early
6/1/2023,UA,538,ORD,SYR,26,24.3,32.8,15.6,178,1.6,7.6,0,0,0,1003,10.1,10.8,47,1018,Early
6/2/2023,MQ,3402,ORD,SYR,59,24.7,32.2,17.2,253,2.7,10.4,0,0,0,1000,8.6,13,50,1014,On Time
6/2/2023,B6,116,JFK,SYR,59,24.7,32.2,17.2,253,2.7,10.4,0,0,0,1000,8.6,13,50,1014,Early
6/2/2023,9E,5340,JFK,SYR,59,24.7,32.2,17.2,253,2.7,10.4,0,0,0,1000,8.6,13,50,1014,On Time
6/3/2023,MQ,3402,ORD,SYR,52,21.3,26.1,15.7,149,3.5,10.8,0,0,0,1001,9.9,10.5,54,1015,Early
6/3/2023,B6,116,JFK,SYR,52,21.3,26.1,15.7,149,3.5,10.8,0,0,0,1001,9.9,10.5,54,1015,Late
6/3/2023,9E,5340,JFK,SYR,52,21.3,26.1,15.7,149,3.5,10.8,0,0,0,1001,9.9,10.5,54,1015,Late
6/4/2023,MQ,3402,ORD,SYR,34,16,21.7,8.3,316,3.7,11.2,0,0,0,1003,10.1,2.6,43,1018,On Time
6/4/2023,B6,116,JFK,SYR,34,16,21.7,8.3,316,3.7,11.2,0,0,0,1003,10.1,2.6,43,1018,Late
6/4/2023,9E,5340,JFK,SYR,34,16,21.7,8.3,316,3.7,11.2,0,0,0,1003,10.1,2.6,43,1018,Early
6/5/2023,MQ,3402,ORD,SYR,80,16.6,22.8,10.6,266,3.1,12.4,0,0,0,999,5.6,5.1,50,1014,Early
6/5/2023,B6,116,JFK,SYR,80,16.6,22.8,10.6,266,3.1,12.4,0,0,0,999,5.6,5.1,50,1014,On Time
6/5/2023,UA,538,ORD,SYR,80,16.6,22.8,10.6,266,3.1,12.4,0,0,0,999,5.6,5.1,50,1014,Early
6/6/2023,MQ,3402,ORD,SYR,94,16.3,20,13.3,267,4,15.6,0,0,0,992,7.6,6.9,54,1007,Early
6/6/2023,UA,538,ORD,SYR,94,16.3,20,13.3,267,4,15.6,0,0,0,992,7.6,6.9,54,1007,Late
6/7/2023,MQ,3402,ORD,SYR,99,14.6,20,10.6,274,4,12.8,0,0,1,990,4.9,5.2,56,1005,On Time
6/7/2023,UA,538,ORD,SYR,99,14.6,20,10.6,274,4,12.8,0,0,1,990,4.9,5.2,56,1005,On Time
6/8/2023,MQ,3402,ORD,SYR,96,14.6,17.8,11.7,281,3.6,9.2,0,0,4,992,6,8.4,67,1006,On Time
6/8/2023,UA,538,ORD,SYR,96,14.6,17.8,11.7,281,3.6,9.2,0,0,4,992,6,8.4,67,1006,Late
6/9/2023,MQ,3402,ORD,SYR,88,14.7,18.3,11.1,207,2.2,9.3,0,0,2.8,992,5.5,9.4,71,1007,Early
6/10/2023,MQ,3402,ORD,SYR,75,16.7,25,10,196,2.2,11.2,0,0,0,993,7.6,9.3,65,1008,Early
6/11/2023,MQ,3402,ORD,SYR,84,20.4,28.3,12.2,72,2.5,6.4,0,0,0,994,3.9,11.1,57,1008,Early
6/12/2023,MQ,3402,ORD,SYR,99,21.6,26.7,15.6,119,4.4,11.6,0,0,32.5,989,3.2,14.9,67,1003,Late
6/12/2023,UA,538,ORD,SYR,99,21.6,26.7,15.6,119,4.4,11.6,0,0,32.5,989,3.2,14.9,67,1003,Early
6/13/2023,MQ,3402,ORD,SYR,89,18.1,22.8,14,226,3.4,10.4,0,0,1.5,990,4.4,10.2,63,1004,Early
6/13/2023,UA,538,ORD,SYR,89,18.1,22.8,14,226,3.4,10.4,0,0,1.5,990,4.4,10.2,63,1004,Late
6/14/2023,MQ,3402,ORD,SYR,98,15.2,17.8,13.3,142,3.5,10.3,0,0,21,984,3.2,12.5,84,999,Early
6/14/2023,UA,538,ORD,SYR,98,15.2,17.8,13.3,142,3.5,10.3,0,0,21,984,3.2,12.5,84,999,Late
6/15/2023,MQ,3402,ORD,SYR,87,18.3,24.4,13.9,286,4.3,10.3,0,0,0.3,989,8.6,11.7,69,1003,On Time
6/15/2023,UA,538,ORD,SYR,87,18.3,24.4,13.9,286,4.3,10.3,0,0,0.3,989,8.6,11.7,69,1003,Early
6/16/2023,MQ,3402,ORD,SYR,96,16.3,17.8,14.4,245,1.7,6.4,0,0,22.8,992,3.2,13.7,85,1006,Late
6/17/2023,MQ,3402,ORD,SYR,92,17.4,22.8,13.3,286,4,12.4,0,0,0.3,993,8.2,12.1,74,1007,Early
6/18/2023,MQ,3402,ORD,SYR,76,19.6,24.4,15,232,3.2,8,0,0,0,997,4.3,12.4,64,1011,Early
6/19/2023,MQ,3402,ORD,SYR,36,20.2,27.2,11.7,67,2.5,5.6,0,0,0,1001,9.2,12.3,64,1016,Early
6/19/2023,UA,538,ORD,SYR,36,20.2,27.2,11.7,67,2.5,5.6,0,0,0,1001,9.2,12.3,64,1016,Early
6/20/2023,MQ,3402,ORD,SYR,68,22.3,28.9,15.6,75,2.8,6.4,0,0,0,1005,6.2,13.3,59,1020,On Time
6/20/2023,UA,538,ORD,SYR,68,22.3,28.9,15.6,75,2.8,6.4,0,0,0,1005,6.2,13.3,59,1020,Late
6/21/2023,MQ,3402,ORD,SYR,49,21.8,28.3,15,85,3,8.7,0,0,0,1007,7.6,12.8,59,1022,Early
6/21/2023,UA,538,ORD,SYR,49,21.8,28.3,15,85,3,8.7,0,0,0,1007,7.6,12.8,59,1022,Late
6/22/2023,MQ,3402,ORD,SYR,56,21.2,26.7,13.9,79,3.3,8.2,0,0,0,1005,7.7,12.2,59,1020,On Time
6/22/2023,UA,538,ORD,SYR,56,21.2,26.7,13.9,79,3.3,8.2,0,0,0,1005,7.7,12.2,59,1020,Late
6/23/2023,MQ,3402,ORD,SYR,90,23.2,27.2,20,109,2.4,6.8,0,0,3.8,999,4.4,17.1,69,1014,On Time
6/24/2023,MQ,3402,ORD,SYR,89,22.4,26.1,19.4,219,2.2,7.2,0,0,23.5,995,3.2,19.4,84,1009,Early
6/25/2023,MQ,3402,ORD,SYR,72,23.2,30,18,154,1.7,6,0,0,5.5,994,6.2,18.9,78,1008,On Time
6/26/2023,MQ,3402,ORD,SYR,81,23.2,28.9,18.9,141,3.8,12.8,0,0,18,989,4.9,18.6,77,1003,Late
6/27/2023,MQ,3402,ORD,SYR,76,21.5,26.7,17.2,143,2.9,9.2,0,0,32.3,988,5.1,17.3,79,1002,Late
6/28/2023,MQ,3402,ORD,SYR,99,17.3,20,15.6,259,3.9,10,0,0,2.8,995,3.2,15.7,91,1010,On Time
6/29/2023,MQ,3402,ORD,SYR,69,19.5,25.6,14.4,254,2.1,6.4,0,0,0,1001,5.5,14.6,76,1016,Late
6/30/2023,MQ,3402,ORD,SYR,68,22.8,29.4,15,118,2.8,7.7,0,0,0,1000,4,14.5,63,1015,Early
7/1/2023,MQ,3402,ORD,SYR,81,25.3,30,22.2,165,3.3,10.8,0,0,4,998,4.4,18.7,67,1012,Late
7/2/2023,MQ,3402,ORD,SYR,93,23.4,26.1,21.7,91,2.1,6.4,0,0,19.8,994,3.1,20.2,82,1009,Late
7/4/2023,MQ,3402,ORD,SYR,57,24.6,29.4,19.4,265,2,8.4,0,0,0.5,998,8.6,18.9,72,1013,On Time
7/5/2023,MQ,3402,ORD,SYR,28,26,32.2,19.4,226,2.3,6,0,0,0,1000,8.9,18,64,1015,On Time
7/6/2023,MQ,3402,ORD,SYR,62,27.1,34.4,19.4,167,2.4,8.2,0,0,0,997,8.3,18.1,61,1011,Early
7/7/2023,MQ,3402,ORD,SYR,79,24.1,28.3,20.3,270,2.3,12.3,0,0,26.3,996,4,19.3,75,1010,Early
7/8/2023,MQ,3402,ORD,SYR,58,22.7,28.9,17.2,244,2,6.8,0,0,0,996,6,15.8,67,1011,Early
7/9/2023,MQ,3402,ORD,SYR,83,22.4,27.8,18.9,142,2.2,8.4,0,0,11,994,3.1,17.6,75,1009,Late
7/10/2023,MQ,3402,ORD,SYR,98,19.1,20,17.8,229,2.1,10,0,0,32.5,995,5.3,17.8,92,1010,Late
7/11/2023,MQ,3402,ORD,SYR,44,24.6,31.1,18.3,240,2.9,9.2,0,0,0,996,9,15.6,59,1010,Late
7/12/2023,MQ,3402,ORD,SYR,84,23.2,27.8,20,226,2.6,7.2,0,0,0,998,5.4,15.7,64,1012,Late
7/13/2023,MQ,3402,ORD,SYR,74,23.4,32.2,18.9,190,4.2,20.6,0,0,12,993,7.1,17,69,1008,Late
7/14/2023,MQ,3402,ORD,SYR,71,22.7,28.9,17.2,205,1.9,7.2,0,0,0,997,7.5,16.1,68,1011,Early
7/15/2023,MQ,3402,ORD,SYR,78,24.9,31.7,17.8,107,1.9,6.8,0,0,0,997,3.1,17.9,67,1011,Early
7/16/2023,MQ,3402,ORD,SYR,92,24.7,28.3,21.1,216,3.4,10.4,0,0,2.5,993,6.7,19.1,72,1008,Early
7/17/2023,MQ,3402,ORD,SYR,85,25.1,30,20,181,3.1,8.8,0,0,0,996,8.2,16.9,62,1010,Late
7/18/2023,MQ,3402,ORD,SYR,76,23.7,27.2,20,244,2.4,9.2,0,0,2,998,7.2,17.7,70,1013,Early
7/19/2023,MQ,3402,ORD,SYR,56,22.2,27.8,16.7,279,2,7.7,0,0,0,1002,9.3,13.9,61,1016,On Time
7/20/2023,MQ,3402,ORD,SYR,62,22.9,30.6,14.4,143,2.5,16.9,0,0,6,999,8.6,13.5,58,1013,Late
7/21/2023,MQ,3402,ORD,SYR,76,21.8,26.1,17.8,234,4,17,0,0,3.8,992,5.6,15.6,69,1007,On Time
7/22/2023,MQ,3402,ORD,SYR,32,22.2,27.2,16.1,271,3.6,9.4,0,0,0,995,8,13.9,62,1010,Late
7/23/2023,MQ,3402,ORD,SYR,32,22.9,29.4,15,180,1.9,8,0,0,0,999,8.4,13,57,1013,On Time
7/24/2023,MQ,3402,ORD,SYR,69,21.6,30.6,17.2,126,2.4,19.9,0,0,44,1001,8.2,15.9,72,1016,Late
7/25/2023,MQ,3402,ORD,SYR,71,22.4,28.3,17.2,206,1.7,6,0,0,0,1002,3,16.7,72,1017,On Time
7/26/2023,MQ,3402,ORD,SYR,56,25.8,31.7,18.9,198,3.2,9.2,0,0,0,1001,5.3,16.4,59,1015,On Time
7/27/2023,MQ,3402,ORD,SYR,92,25.8,28.9,23.5,242,5.2,15,0,0,7,996,4.2,19.7,69,1010,Early
7/28/2023,MQ,3402,ORD,SYR,64,26.5,32.8,21.7,256,2.9,7.6,0,0,0,999,7.3,19.8,69,1014,Early
7/29/2023,MQ,3402,ORD,SYR,90,21.7,26.1,15.3,263,2.8,10,0,0,36,995,2.9,18.5,82,1010,On Time
7/30/2023,MQ,3402,ORD,SYR,67,19.5,25,15,276,2.6,7.2,0,0,1.8,1000,5.2,11.9,64,1014,Early
7/31/2023,MQ,3402,ORD,SYR,67,19.8,24.4,15.6,259,3.6,11.2,0,0,1.8,1001,6.8,12.5,64,1015,Early
8/1/2023,MQ,3402,ORD,SYR,47,19,23.9,13.3,247,2.2,8.8,0,0,0.3,1006,6.6,10.1,60,1021,On Time
8/2/2023,MQ,3402,ORD,SYR,59,19.5,26.7,11.7,178,2.1,9.3,0,0,0,1007,8.1,9.5,56,1021,On Time
8/3/2023,MQ,3402,ORD,SYR,83,23.9,28.9,18.3,188,3.7,11.8,0,0,0,999,5.5,13.9,54,1014,Late
8/4/2023,MQ,3402,ORD,SYR,84,23.1,28.3,19.4,241,3,10.8,0,0,7.3,996,5.1,18,74,1011,On Time
8/5/2023,MQ,3402,ORD,SYR,82,21.7,26.1,17.2,262,2.5,7.2,0,0,0,1001,4,14.6,67,1016,Early
8/6/2023,MQ,3402,ORD,SYR,46,21,27.8,12.8,95,2.2,7.6,0,0,0,1001,6.5,12.8,62,1015,Late
8/7/2023,MQ,3402,ORD,SYR,91,23,30.6,18.9,149,4.1,12.8,0,0,42.3,991,7.4,18.6,78,1006,Late
8/8/2023,MQ,3402,ORD,SYR,98,20.4,22,18.9,234,4.6,12.4,0,0,9.3,988,3.9,17.8,85,1003,On Time
8/9/2023,MQ,3402,ORD,SYR,77,23,28.9,18.3,259,4.2,12.8,0,0,0,992,7.5,15.1,63,1007,Late
8/10/2023,MQ,3402,ORD,SYR,77,20.2,23.9,17.9,173,2.5,10.3,0,0,14.5,989,4.7,16.9,81,1004,Late
8/11/2023,MQ,3402,ORD,SYR,70,20.7,25.6,17.2,260,3.9,11.2,0,0,0,993,7.3,13.6,66,1008,On Time
8/12/2023,MQ,3402,ORD,SYR,77,22.3,29.4,15,158,4.1,13.4,0,0,2,994,4.4,15.6,68,1008,Early
8/13/2023,MQ,3402,ORD,SYR,77,22.7,26.1,18.9,255,3.7,10.3,0,0,0,996,6.5,15.3,64,1011,Late
8/14/2023,MQ,3402,ORD,SYR,86,21.7,25.6,17.8,201,2.8,7.2,0,0,0.3,999,2.8,15.3,68,1014,Late
1/1/2023,B6,116,JFK,SYR,100,5.1,10,3,274,4,10.8,0,0,1.5,998,0.8,1.9,80,1013,Late
1/2/2023,B6,116,JFK,SYR,100,5.5,7.8,3.9,207,2.2,7.2,0,0,0,1004,0.7,1.7,77,1019,Late
1/3/2023,B6,116,JFK,SYR,99,4.3,5,2.2,86,2.3,5.6,0,0,8.5,996,0.7,2.4,88,1011,Late
1/4/2023,B6,116,JFK,SYR,100,6.2,7.2,5,140,2.4,12.4,0,0,12.3,993,0.7,5.3,93,1008,Late
1/5/2023,B6,116,JFK,SYR,82,6,8.9,2.3,217,2.4,10.8,0,0,5,998,1.1,1.8,75,1013,Early
1/6/2023,B6,116,JFK,SYR,97,2.9,4.4,0.6,223,2.9,8.4,0,0,0.3,1000,1,-0.1,81,1015,Late
1/7/2023,B6,116,JFK,SYR,96,1.3,3.3,-4.4,289,4.2,10.8,0,0,0,1007,0.7,-2.6,75,1022,Early
1/8/2023,B6,116,JFK,SYR,76,-3.1,0,-5,175,1.9,6.4,0,1,0,1009,2,-7.6,71,1024,Early
1/9/2023,B6,116,JFK,SYR,98,-0.4,2.8,-5,214,4.1,10.5,0,2,0,999,1.2,-4.7,73,1015,On Time
1/10/2023,B6,116,JFK,SYR,91,-1.1,1.7,-6.6,305,3.6,10.8,0,1,0,1002,0.7,-5.3,73,1017,Early
1/11/2023,B6,116,JFK,SYR,74,-3.7,0.6,-8.9,117,3.3,10.8,0,6,0,1005,0.7,-7.7,74,1021,On Time
1/12/2023,B6,116,JFK,SYR,92,3.2,6.7,-0.6,90,3.9,12.4,1.5,5,17.8,997,0.7,0,80,1012,Early
1/13/2023,B6,116,JFK,SYR,100,-0.2,3.9,-4.4,287,4.9,11.6,2.3,0,18.5,991,0.7,-1.8,89,1006,Late
1/14/2023,B6,116,JFK,SYR,100,-6.1,-4.4,-7.2,324,5,10.8,0,31,0,1003,0.7,-9,80,1018,Early
1/15/2023,B6,116,JFK,SYR,81,-7,-5,-10,305,3.9,8.8,0,29,0,1009,1.4,-10.1,79,1025,On Time
1/16/2023,B6,116,JFK,SYR,52,-3.6,1.7,-7.2,260,3.3,9.2,0,28,0,1002,2.2,-8.2,72,1018,Late
1/17/2023,B6,116,JFK,SYR,81,-2.3,1.1,-6.7,102,2.1,7.2,3.5,26,3.3,989,0.7,-4.8,83,1005,Early
1/18/2023,B6,116,JFK,SYR,100,3.7,5.6,1.1,260,4.9,11.3,24,50,3.5,994,0.7,2.3,91,1009,Early
1/19/2023,B6,116,JFK,SYR,96,0.4,2.2,-1.1,115,3.1,11.2,75.3,0,17.3,995,0.7,-0.3,95,1010,On Time
1/20/2023,B6,116,JFK,SYR,97,1,3.9,-0.6,252,4.1,16.4,41.8,13,14.3,989,0.7,0.2,94,1005,Early
1/21/2023,B6,116,JFK,SYR,91,-0.3,0.6,-1.1,264,2.4,6.8,0,25,0,1002,0.8,-3.3,80,1021,Late
1/22/2023,B6,116,JFK,SYR,100,1,3.3,0,128,3.2,10,73,29,6.5,1000,0.8,-2.8,76,1015,Early
1/23/2023,B6,116,JFK,SYR,100,-0.2,0.6,-0.6,240,4,11.6,120,47,8,993,0.8,-2.2,87,1008,Early
1/24/2023,B6,116,JFK,SYR,99,1.1,2.2,-0.6,251,6.7,14.4,0,64,0,1003,1,-3.2,73,1018,Early
1/25/2023,B6,116,JFK,SYR,98,-0.5,1.1,-2.2,117,4,22.4,86.8,61,7.8,1000,0.8,-2.8,84,1015,Early
1/26/2023,B6,116,JFK,SYR,100,0.1,3.3,-1.7,226,6,15.2,43,104,0.5,987,0.8,-3.3,78,1002,Late
1/27/2023,B6,116,JFK,SYR,92,-0.5,1.7,-3.3,202,4,11.2,0,96,0,1000,1.2,-5.9,68,1015,Early
1/28/2023,B6,116,JFK,SYR,89,2.4,4.4,-1.1,240,5.3,13.8,0,93,0,1004,1.1,-5,59,1020,On Time
1/29/2023,B6,116,JFK,SYR,100,2.2,6.7,-1.6,177,3.2,10,0.5,81,0.8,1003,0.8,-1.6,76,1019,Late
1/30/2023,B6,116,JFK,SYR,100,-2.2,-1.1,-3.3,212,2,7.6,94.8,25,5,1006,0.8,-5,81,1022,Early
1/31/2023,B6,116,JFK,SYR,95,-5.1,-1.7,-8.3,240,3.3,8.8,0,30,0,1009,0.9,-10.8,65,1024,Late
2/1/2023,B6,116,JFK,SYR,76,-6.3,-3.9,-9.4,214,4.2,12.4,0,32,0,1009,1.5,-13.1,59,1024,On Time
2/2/2023,B6,116,JFK,SYR,98,-1.6,2.8,-5,215,5.7,15.5,0,40,0,1000,1.6,-11.2,49,1015,Early
2/3/2023,B6,116,JFK,SYR,97,-14.6,-3.9,-21.7,310,9.1,18.8,0,42,0,1006,1.4,-20.1,64,1022,On Time
2/4/2023,B6,116,JFK,SYR,89,-16.7,-5.3,-25,126,3.4,12.4,0,57,0,1015,0.9,-22.4,62,1031,Late
2/5/2023,B6,116,JFK,SYR,97,2,6.7,-5,193,3.6,12.8,0,54,0,999,0.9,-8.1,47,1015,On Time
2/6/2023,B6,116,JFK,SYR,74,-0.3,2.8,-6.3,274,3.7,10.8,0,35,0.5,1005,1.1,-3.7,78,1021,Late
2/7/2023,B6,116,JFK,SYR,66,0.9,7.8,-7.8,152,3.9,17.2,0,35,1.5,1004,0.9,-5.4,65,1019,On Time
2/8/2023,B6,116,JFK,SYR,73,3.8,7.8,-2.5,258,3.8,10.4,0,0,0,1007,1.8,-1.5,69,1022,Early
2/9/2023,B6,116,JFK,SYR,89,3.6,13.3,-2.8,97,4.1,15.2,0,0,12.3,999,0.9,1.4,86,1014,Late
2/10/2023,B6,116,JFK,SYR,99,5.2,12.2,1.1,263,7.1,14.9,0,0,0.5,997,1,0.4,72,1012,Late
2/11/2023,B6,116,JFK,SYR,78,-1.1,1.1,-4.7,228,4.8,14.6,0,7,0,1008,1.2,-5.8,70,1024,Late
2/12/2023,B6,116,JFK,SYR,64,0.4,8.9,-6.1,120,1.5,7.2,0,13,0,1001,1,-6.3,64,1016,Early
2/13/2023,B6,116,JFK,SYR,54,3.2,11.1,-5,206,3.2,14.3,0,9,0,989,2.2,-5.3,59,1004,Early
2/14/2023,B6,116,JFK,SYR,40,4.5,10,-0.6,221,3.7,10.8,0,0,0,1000,3.3,-3.1,60,1015,Early
2/15/2023,B6,116,JFK,SYR,71,13.1,20.6,3.3,188,5.9,16,0,0,0,994,3.1,-0.3,41,1009,Early
2/16/2023,B6,56,MCO,SYR,89,7.3,9.4,5.6,188,2.5,9.3,0,0,0,998,1.1,0.8,63,1013,Early
2/16/2023,B6,116,JFK,SYR,89,7.3,9.4,5.6,188,2.5,9.3,0,0,0,998,1.1,0.8,63,1013,Early
2/17/2023,B6,56,MCO,SYR,100,0.2,10.6,-5.6,273,4.9,17.5,24.8,0,3.8,993,1.1,-3.1,78,1008,Late
2/17/2023,B6,116,JFK,SYR,100,0.2,10.6,-5.6,273,4.9,17.5,24.8,0,3.8,993,1.1,-3.1,78,1008,Late
2/18/2023,B6,56,MCO,SYR,60,-1.8,6.1,-7.8,240,4,11.2,0,21,0,1008,3.1,-8.9,60,1024,On Time
2/18/2023,B6,116,JFK,SYR,60,-1.8,6.1,-7.8,240,4,11.2,0,21,0,1008,3.1,-8.9,60,1024,Early
2/19/2023,B6,56,MCO,SYR,92,4.7,10.6,-3.9,139,4.3,14,0,19,0,1002,1.1,-6.5,49,1017,Early
2/19/2023,B6,116,JFK,SYR,92,4.7,10.6,-3.9,139,4.3,14,0,19,0,1002,1.1,-6.5,49,1017,Early
2/20/2023,B6,56,MCO,SYR,91,5.5,8.3,-1.7,237,4.3,11.6,0,0,0,991,2.5,-4.2,50,1006,On Time
2/20/2023,B6,116,JFK,SYR,91,5.5,8.3,-1.7,237,4.3,11.6,0,0,0,991,2.5,-4.2,50,1006,On Time
2/21/2023,B6,56,MCO,SYR,85,1.9,7.8,-4.4,183,4.3,17,0,0,3.3,988,1.6,-3.9,66,1003,Late
2/21/2023,B6,116,JFK,SYR,85,1.9,7.8,-4.4,183,4.3,17,0,0,3.3,988,1.6,-3.9,66,1003,On Time
2/22/2023,B6,56,MCO,SYR,99,0.2,1.7,-1.1,164,4,11.8,200.3,0,13.5,1001,1.2,-6,65,1017,Early
2/22/2023,B6,116,JFK,SYR,99,0.2,1.7,-1.1,164,4,11.8,200.3,0,13.5,1001,1.2,-6,65,1017,Early
2/23/2023,B6,56,MCO,SYR,100,-0.6,0.6,-1.7,181,3.5,12.3,38,57,2.3,995,1.2,-2.1,90,1010,Late
2/23/2023,B6,116,JFK,SYR,100,-0.6,0.6,-1.7,181,3.5,12.3,38,57,2.3,995,1.2,-2.1,90,1010,Late
2/24/2023,B6,56,MCO,SYR,96,-5.7,0,-9.3,291,5.2,12.5,9,66,0.3,1012,1.3,-8.7,80,1028,On Time
2/24/2023,B6,116,JFK,SYR,96,-5.7,0,-9.3,291,5.2,12.5,9,66,0.3,1012,1.3,-8.7,80,1028,On Time
2/25/2023,B6,56,MCO,SYR,94,-8.3,-5.6,-11.1,139,2,6.8,62.5,90,2.5,1011,1.2,-11.3,79,1027,Late
2/25/2023,B6,116,JFK,SYR,94,-8.3,-5.6,-11.1,139,2,6.8,62.5,90,2.5,1011,1.2,-11.3,79,1027,Late
2/26/2023,B6,56,MCO,SYR,98,-2.8,2.2,-10.6,203,3.9,16,0,110,0,996,1.7,-6.6,76,1011,Late
2/26/2023,B6,116,JFK,SYR,98,-2.8,2.2,-10.6,203,3.9,16,0,110,0,996,1.7,-6.6,76,1011,Late
2/27/2023,B6,56,MCO,SYR,89,-2.1,1.1,-7.2,127,4.4,13.6,76,107,4.3,996,1.3,-8.7,62,1011,Early
2/27/2023,B6,116,JFK,SYR,89,-2.1,1.1,-7.2,127,4.4,13.6,76,107,4.3,996,1.3,-8.7,62,1011,On Time
2/28/2023,B6,56,MCO,SYR,100,0.6,2.2,-1.7,174,5.3,13.2,52,159,4.5,991,1.6,-2.6,80,1006,Late
2/28/2023,B6,116,JFK,SYR,100,0.6,2.2,-1.7,174,5.3,13.2,52,159,4.5,991,1.6,-2.6,80,1006,On Time
3/1/2023,B6,56,MCO,SYR,91,0.7,2.8,-3.3,124,4,10.4,0,168,0,999,1.6,-4.2,70,1014,Late
3/1/2023,B6,116,JFK,SYR,91,0.7,2.8,-3.3,124,4,10.4,0,168,0,999,1.6,-4.2,70,1014,Late
3/2/2023,B6,56,MCO,SYR,97,1.9,2.2,0.3,225,4.5,11.3,0,160,0.5,993,1.5,-1,81,1008,On Time
3/2/2023,B6,116,JFK,SYR,97,1.9,2.2,0.3,225,4.5,11.3,0,160,0.5,993,1.5,-1,81,1008,Late
3/3/2023,B6,56,MCO,SYR,79,0.1,4.4,-5.6,136,3.6,14.8,44.5,98,6.3,998,1.5,-5,72,1013,Late
3/3/2023,B6,116,JFK,SYR,79,0.1,4.4,-5.6,136,3.6,14.8,44.5,98,6.3,998,1.5,-5,72,1013,Late
3/3/2023,UA,538,ORD,SYR,79,0.1,4.4,-5.6,136,3.6,14.8,44.5,98,6.3,998,1.5,-5,72,1013,On Time
3/4/2023,B6,56,MCO,SYR,100,0.9,2.2,0,191,4.3,23.2,60,158,7.3,989,1.6,-1,88,1004,Late
3/4/2023,B6,116,JFK,SYR,100,0.9,2.2,0,191,4.3,23.2,60,158,7.3,989,1.6,-1,88,1004,Late
3/5/2023,B6,56,MCO,SYR,96,2.3,4,0,233,3.3,9.6,0,175,0,1005,1.7,-1.1,78,1020,Late
3/5/2023,B6,116,JFK,SYR,96,2.3,4,0,233,3.3,9.6,0,175,0,1005,1.7,-1.1,78,1020,Late
3/6/2023,B6,56,MCO,SYR,76,1.5,4.4,-1.7,290,3.4,7.2,0,162,0,1006,3.3,-5.4,63,1021,Late
3/6/2023,B6,116,JFK,SYR,76,1.5,4.4,-1.7,290,3.4,7.2,0,162,0,1006,3.3,-5.4,63,1021,On Time
3/6/2023,UA,538,ORD,SYR,76,1.5,4.4,-1.7,290,3.4,7.2,0,162,0,1006,3.3,-5.4,63,1021,Early
3/7/2023,B6,56,MCO,SYR,81,-1,1.1,-3.3,321,5.8,13.3,0,48,0,1002,1.6,-8.7,56,1017,Late
3/7/2023,B6,116,JFK,SYR,81,-1,1.1,-3.3,321,5.8,13.3,0,48,0,1002,1.6,-8.7,56,1017,Early
3/7/2023,UA,538,ORD,SYR,81,-1,1.1,-3.3,321,5.8,13.3,0,48,0,1002,1.6,-8.7,56,1017,Early
3/8/2023,B6,56,MCO,SYR,92,-2,-1.1,-2.8,303,4.6,11.2,0,42,0,1012,3.1,-6.9,70,1027,On Time
3/8/2023,B6,116,JFK,SYR,92,-2,-1.1,-2.8,303,4.6,11.2,0,42,0,1012,3.1,-6.9,70,1027,Late
3/8/2023,UA,538,ORD,SYR,92,-2,-1.1,-2.8,303,4.6,11.2,0,42,0,1012,3.1,-6.9,70,1027,Late
3/9/2023,B6,56,MCO,SYR,66,-1.9,0,-4.8,283,3.1,9.2,0,40,0,1011,1.9,-6.4,72,1026,Late
3/9/2023,B6,116,JFK,SYR,66,-1.9,0,-4.8,283,3.1,9.2,0,40,0,1011,1.9,-6.4,72,1026,Early
3/9/2023,9E,5340,JFK,SYR,66,-1.9,0,-4.8,283,3.1,9.2,0,40,0,1011,1.9,-6.4,72,1026,Early
3/9/2023,UA,538,ORD,SYR,66,-1.9,0,-4.8,283,3.1,9.2,0,40,0,1011,1.9,-6.4,72,1026,Late
3/10/2023,B6,56,MCO,SYR,87,-1.5,3.3,-6.1,95,2.5,7.2,14.5,39,3,999,1.7,-4.6,80,1014,Early
3/10/2023,B6,116,JFK,SYR,87,-1.5,3.3,-6.1,95,2.5,7.2,14.5,39,3,999,1.7,-4.6,80,1014,Early
3/10/2023,9E,5340,JFK,SYR,87,-1.5,3.3,-6.1,95,2.5,7.2,14.5,39,3,999,1.7,-4.6,80,1014,On Time
3/10/2023,UA,538,ORD,SYR,87,-1.5,3.3,-6.1,95,2.5,7.2,14.5,39,3,999,1.7,-4.6,80,1014,Late
3/11/2023,B6,56,MCO,SYR,82,-2.1,0.6,-4.4,294,3.9,9.8,90,91,4.5,998,1.7,-5.1,80,1013,Late
3/11/2023,B6,116,JFK,SYR,82,-2.1,0.6,-4.4,294,3.9,9.8,90,91,4.5,998,1.7,-5.1,80,1013,Late
3/11/2023,9E,5340,JFK,SYR,82,-2.1,0.6,-4.4,294,3.9,9.8,90,91,4.5,998,1.7,-5.1,80,1013,On Time
3/11/2023,WN,491,MCO,SYR,82,-2.1,0.6,-4.4,294,3.9,9.8,90,91,4.5,998,1.7,-5.1,80,1013,Late
3/12/2023,B6,56,MCO,SYR,73,-1.7,3.3,-7.8,100,1.3,5.2,0,120,0,1001,1.7,-5.9,74,1016,Late
3/12/2023,B6,116,JFK,SYR,73,-1.7,3.3,-7.8,100,1.3,5.2,0,120,0,1001,1.7,-5.9,74,1016,Late
3/12/2023,9E,5340,JFK,SYR,73,-1.7,3.3,-7.8,100,1.3,5.2,0,120,0,1001,1.7,-5.9,74,1016,Early
3/13/2023,B6,56,MCO,SYR,100,2.5,4.4,0.6,182,3.1,8.4,16.3,112,7.8,996,1.8,-1.3,76,1011,Late
3/13/2023,B6,116,JFK,SYR,100,2.5,4.4,0.6,182,3.1,8.4,16.3,112,7.8,996,1.8,-1.3,76,1011,Late
3/13/2023,9E,5340,JFK,SYR,100,2.5,4.4,0.6,182,3.1,8.4,16.3,112,7.8,996,1.8,-1.3,76,1011,Late
3/13/2023,UA,538,ORD,SYR,100,2.5,4.4,0.6,182,3.1,8.4,16.3,112,7.8,996,1.8,-1.3,76,1011,On Time
3/14/2023,B6,56,MCO,SYR,100,-0.5,0.6,-1.1,287,6.3,13.7,313.3,137,19.8,992,1.8,-1.4,93,1008,Late
3/14/2023,B6,116,JFK,SYR,100,-0.5,0.6,-1.1,287,6.3,13.7,313.3,137,19.8,992,1.8,-1.4,93,1008,Late
3/14/2023,9E,5340,JFK,SYR,100,-0.5,0.6,-1.1,287,6.3,13.7,313.3,137,19.8,992,1.8,-1.4,93,1008,On Time
3/14/2023,UA,538,ORD,SYR,100,-0.5,0.6,-1.1,287,6.3,13.7,313.3,137,19.8,992,1.8,-1.4,93,1008,On Time
3/15/2023,B6,56,MCO,SYR,65,-1.2,2.2,-3.3,286,6.5,12.8,0,257,0,1000,5.2,-7.6,63,1016,Late
3/15/2023,B6,116,JFK,SYR,65,-1.2,2.2,-3.3,286,6.5,12.8,0,257,0,1000,5.2,-7.6,63,1016,On Time
3/15/2023,9E,5340,JFK,SYR,65,-1.2,2.2,-3.3,286,6.5,12.8,0,257,0,1000,5.2,-7.6,63,1016,Early
3/15/2023,UA,538,ORD,SYR,65,-1.2,2.2,-3.3,286,6.5,12.8,0,257,0,1000,5.2,-7.6,63,1016,Late
3/16/2023,B6,56,MCO,SYR,81,3.7,9.4,-2.2,226,3.1,6.8,0,228,0,1000,4.8,-6.6,48,1015,On Time
3/16/2023,B6,116,JFK,SYR,81,3.7,9.4,-2.2,226,3.1,6.8,0,228,0,1000,4.8,-6.6,48,1015,On Time
3/16/2023,9E,5340,JFK,SYR,81,3.7,9.4,-2.2,226,3.1,6.8,0,228,0,1000,4.8,-6.6,48,1015,Early
3/16/2023,UA,538,ORD,SYR,81,3.7,9.4,-2.2,226,3.1,6.8,0,228,0,1000,4.8,-6.6,48,1015,Early
3/17/2023,B6,56,MCO,SYR,98,5.4,9.4,1.7,172,4.1,14.9,0,181,17.5,987,1.8,1.9,79,1002,Late
3/17/2023,B6,116,JFK,SYR,98,5.4,9.4,1.7,172,4.1,14.9,0,181,17.5,987,1.8,1.9,79,1002,On Time
3/17/2023,9E,5340,JFK,SYR,98,5.4,9.4,1.7,172,4.1,14.9,0,181,17.5,987,1.8,1.9,79,1002,On Time
3/17/2023,UA,538,ORD,SYR,98,5.4,9.4,1.7,172,4.1,14.9,0,181,17.5,987,1.8,1.9,79,1002,On Time
3/18/2023,B6,56,MCO,SYR,93,1.7,4.4,-3,266,5.1,16.4,1,23,0.3,992,3.8,-4.2,66,1007,Early
3/18/2023,B6,116,JFK,SYR,93,1.7,4.4,-3,266,5.1,16.4,1,23,0.3,992,3.8,-4.2,66,1007,On Time
3/18/2023,9E,5340,JFK,SYR,93,1.7,4.4,-3,266,5.1,16.4,1,23,0.3,992,3.8,-4.2,66,1007,Early
3/18/2023,WN,491,MCO,SYR,93,1.7,4.4,-3,266,5.1,16.4,1,23,0.3,992,3.8,-4.2,66,1007,Late
3/19/2023,B6,56,MCO,SYR,79,-2.6,0.6,-5,256,9.1,18,0,27,0,999,2,-10.3,56,1015,Early
3/19/2023,B6,116,JFK,SYR,79,-2.6,0.6,-5,256,9.1,18,0,27,0,999,2,-10.3,56,1015,Early
3/19/2023,9E,5340,JFK,SYR,79,-2.6,0.6,-5,256,9.1,18,0,27,0,999,2,-10.3,56,1015,Early
3/20/2023,B6,56,MCO,SYR,25,2.7,10,-2.2,213,4.9,10.8,0,32,0,1005,5.4,-10.3,40,1021,On Time
3/20/2023,B6,116,JFK,SYR,25,2.7,10,-2.2,213,4.9,10.8,0,32,0,1005,5.4,-10.3,40,1021,On Time
3/20/2023,9E,5340,JFK,SYR,25,2.7,10,-2.2,213,4.9,10.8,0,32,0,1005,5.4,-10.3,40,1021,Early
3/20/2023,UA,538,ORD,SYR,25,2.7,10,-2.2,213,4.9,10.8,0,32,0,1005,5.4,-10.3,40,1021,Early
3/21/2023,B6,56,MCO,SYR,79,5.8,12.8,-0.6,227,3.8,14.4,0,5,0,1010,5.1,-4.7,50,1025,Early
3/21/2023,B6,116,JFK,SYR,79,5.8,12.8,-0.6,227,3.8,14.4,0,5,0,1010,5.1,-4.7,50,1025,Late
3/21/2023,9E,5340,JFK,SYR,79,5.8,12.8,-0.6,227,3.8,14.4,0,5,0,1010,5.1,-4.7,50,1025,Early
3/21/2023,UA,538,ORD,SYR,79,5.8,12.8,-0.6,227,3.8,14.4,0,5,0,1010,5.1,-4.7,50,1025,On Time
3/22/2023,B6,56,MCO,SYR,86,7.4,15,-0.6,110,2.4,10.8,0,0,0,1007,3.4,-2.2,54,1023,On Time
3/22/2023,B6,116,JFK,SYR,86,7.4,15,-0.6,110,2.4,10.8,0,0,0,1007,3.4,-2.2,54,1023,On Time
3/22/2023,9E,5340,JFK,SYR,86,7.4,15,-0.6,110,2.4,10.8,0,0,0,1007,3.4,-2.2,54,1023,Late
3/22/2023,UA,538,ORD,SYR,86,7.4,15,-0.6,110,2.4,10.8,0,0,0,1007,3.4,-2.2,54,1023,On Time
3/23/2023,B6,56,MCO,SYR,98,9.1,13.3,2.5,198,4.1,12.3,0,0,3.5,995,2,3.6,70,1010,On Time
3/23/2023,B6,116,JFK,SYR,98,9.1,13.3,2.5,198,4.1,12.3,0,0,3.5,995,2,3.6,70,1010,Late
3/23/2023,9E,5340,JFK,SYR,98,9.1,13.3,2.5,198,4.1,12.3,0,0,3.5,995,2,3.6,70,1010,Late
3/23/2023,UA,538,ORD,SYR,98,9.1,13.3,2.5,198,4.1,12.3,0,0,3.5,995,2,3.6,70,1010,Early
3/24/2023,B6,56,MCO,SYR,79,2.7,7.2,-0.8,263,3.3,8.8,0,0,0,1002,2.7,-3.7,64,1017,Early
3/24/2023,B6,116,JFK,SYR,79,2.7,7.2,-0.8,263,3.3,8.8,0,0,0,1002,2.7,-3.7,64,1017,Early
3/24/2023,9E,5340,JFK,SYR,79,2.7,7.2,-0.8,263,3.3,8.8,0,0,0,1002,2.7,-3.7,64,1017,Early
3/24/2023,UA,538,ORD,SYR,79,2.7,7.2,-0.8,263,3.3,8.8,0,0,0,1002,2.7,-3.7,64,1017,Early
3/25/2023,B6,56,MCO,SYR,92,2.7,7.8,-1.7,110,5.1,13.6,0,0,9.8,994,2,-1.5,74,1009,Late
3/25/2023,B6,116,JFK,SYR,92,2.7,7.8,-1.7,110,5.1,13.6,0,0,9.8,994,2,-1.5,74,1009,On Time
3/25/2023,9E,5340,JFK,SYR,92,2.7,7.8,-1.7,110,5.1,13.6,0,0,9.8,994,2,-1.5,74,1009,Early
3/25/2023,WN,491,MCO,SYR,92,2.7,7.8,-1.7,110,5.1,13.6,0,0,9.8,994,2,-1.5,74,1009,Late
3/26/2023,B6,56,MCO,SYR,61,6.7,11.7,3.2,264,6.7,17.2,0,0,0.8,995,6.3,-3,52,1010,Late
3/26/2023,B6,116,JFK,SYR,61,6.7,11.7,3.2,264,6.7,17.2,0,0,0.8,995,6.3,-3,52,1010,Late
3/26/2023,9E,5340,JFK,SYR,61,6.7,11.7,3.2,264,6.7,17.2,0,0,0.8,995,6.3,-3,52,1010,Early
3/26/2023,UA,538,ORD,SYR,61,6.7,11.7,3.2,264,6.7,17.2,0,0,0.8,995,6.3,-3,52,1010,Early
3/27/2023,B6,56,MCO,SYR,71,2.7,7.2,-1.7,128,2.5,9.8,2,0,7.8,1001,2.1,-2,72,1017,Late
3/27/2023,B6,116,JFK,SYR,71,2.7,7.2,-1.7,128,2.5,9.8,2,0,7.8,1001,2.1,-2,72,1017,On Time
3/27/2023,9E,5340,JFK,SYR,71,2.7,7.2,-1.7,128,2.5,9.8,2,0,7.8,1001,2.1,-2,72,1017,Early
3/27/2023,UA,538,ORD,SYR,71,2.7,7.2,-1.7,128,2.5,9.8,2,0,7.8,1001,2.1,-2,72,1017,Early
3/28/2023,B6,56,MCO,SYR,78,3,7.8,-0.6,288,3.2,10,0,0,0,1005,4,-2.3,70,1020,Late
3/28/2023,B6,116,JFK,SYR,78,3,7.8,-0.6,288,3.2,10,0,0,0,1005,4,-2.3,70,1020,Late
3/28/2023,9E,5340,JFK,SYR,78,3,7.8,-0.6,288,3.2,10,0,0,0,1005,4,-2.3,70,1020,Early
3/28/2023,UA,538,ORD,SYR,78,3,7.8,-0.6,288,3.2,10,0,0,0,1005,4,-2.3,70,1020,Early
3/29/2023,B6,56,MCO,SYR,74,4.1,12.8,-1.7,199,5.4,18.2,10.5,0,2,1003,2.9,-4.8,57,1018,Early
3/29/2023,B6,116,JFK,SYR,74,4.1,12.8,-1.7,199,5.4,18.2,10.5,0,2,1003,2.9,-4.8,57,1018,On Time
3/29/2023,9E,5340,JFK,SYR,74,4.1,12.8,-1.7,199,5.4,18.2,10.5,0,2,1003,2.9,-4.8,57,1018,Early
3/29/2023,UA,538,ORD,SYR,74,4.1,12.8,-1.7,199,5.4,18.2,10.5,0,2,1003,2.9,-4.8,57,1018,Late
3/30/2023,B6,56,MCO,SYR,62,-0.7,2.8,-4.4,283,4.4,13.6,0,0,0,1010,2.9,-10.7,47,1025,Late
3/30/2023,B6,116,JFK,SYR,62,-0.7,2.8,-4.4,283,4.4,13.6,0,0,0,1010,2.9,-10.7,47,1025,Early
3/30/2023,9E,5340,JFK,SYR,62,-0.7,2.8,-4.4,283,4.4,13.6,0,0,0,1010,2.9,-10.7,47,1025,Late
3/30/2023,UA,538,ORD,SYR,62,-0.7,2.8,-4.4,283,4.4,13.6,0,0,0,1010,2.9,-10.7,47,1025,Early
3/31/2023,B6,56,MCO,SYR,89,2.9,9.3,-4.4,114,3.2,11.2,0,0,1,1002,2.2,-2.6,67,1018,Late
3/31/2023,B6,116,JFK,SYR,89,2.9,9.3,-4.4,114,3.2,11.2,0,0,1,1002,2.2,-2.6,67,1018,Late
3/31/2023,9E,5340,JFK,SYR,89,2.9,9.3,-4.4,114,3.2,11.2,0,0,1,1002,2.2,-2.6,67,1018,On Time
3/31/2023,UA,538,ORD,SYR,89,2.9,9.3,-4.4,114,3.2,11.2,0,0,1,1002,2.2,-2.6,67,1018,Late
4/1/2023,B6,56,MCO,SYR,79,12.7,22.2,2.2,214,6.4,19.6,0,0,11.3,981,6.3,4.9,65,995,Late
4/1/2023,B6,116,JFK,SYR,79,12.7,22.2,2.2,214,6.4,19.6,0,0,11.3,981,6.3,4.9,65,995,Late
4/1/2023,9E,5340,JFK,SYR,79,12.7,22.2,2.2,214,6.4,19.6,0,0,11.3,981,6.3,4.9,65,995,On Time
4/1/2023,UA,538,ORD,SYR,79,12.7,22.2,2.2,214,6.4,19.6,0,0,11.3,981,6.3,4.9,65,995,On Time
4/1/2023,WN,491,MCO,SYR,79,12.7,22.2,2.2,214,6.4,19.6,0,0,11.3,981,6.3,4.9,65,995,On Time
4/2/2023,B6,56,MCO,SYR,47,0.3,3.3,-3.3,292,5.5,13.9,0,0,0,1001,7.1,-10,49,1016,On Time
4/2/2023,B6,116,JFK,SYR,47,0.3,3.3,-3.3,292,5.5,13.9,0,0,0,1001,7.1,-10,49,1016,Late
4/2/2023,9E,5340,JFK,SYR,47,0.3,3.3,-3.3,292,5.5,13.9,0,0,0,1001,7.1,-10,49,1016,Early
4/2/2023,UA,538,ORD,SYR,47,0.3,3.3,-3.3,292,5.5,13.9,0,0,0,1001,7.1,-10,49,1016,On Time
4/3/2023,B6,56,MCO,SYR,78,7.8,20,-2.8,182,4.8,13.3,0,0,3.3,998,6.1,-4.2,45,1013,Late
4/3/2023,B6,116,JFK,SYR,78,7.8,20,-2.8,182,4.8,13.3,0,0,3.3,998,6.1,-4.2,45,1013,On Time
4/3/2023,9E,5340,JFK,SYR,78,7.8,20,-2.8,182,4.8,13.3,0,0,3.3,998,6.1,-4.2,45,1013,Early
4/3/2023,UA,538,ORD,SYR,78,7.8,20,-2.8,182,4.8,13.3,0,0,3.3,998,6.1,-4.2,45,1013,On Time
4/4/2023,B6,56,MCO,SYR,99,8.7,11.7,6.7,72,2.7,8.4,0,0,10.5,1002,2.8,5.2,79,1017,Early
4/4/2023,B6,116,JFK,SYR,99,8.7,11.7,6.7,72,2.7,8.4,0,0,10.5,1002,2.8,5.2,79,1017,Early
4/4/2023,9E,5340,JFK,SYR,99,8.7,11.7,6.7,72,2.7,8.4,0,0,10.5,1002,2.8,5.2,79,1017,Late
4/4/2023,UA,538,ORD,SYR,99,8.7,11.7,6.7,72,2.7,8.4,0,0,10.5,1002,2.8,5.2,79,1017,Late
4/5/2023,B6,56,MCO,SYR,90,14.1,23.3,7.8,119,6,17.1,0,0,30,1000,2.3,8.3,69,1015,Early
4/5/2023,B6,116,JFK,SYR,90,14.1,23.3,7.8,119,6,17.1,0,0,30,1000,2.3,8.3,69,1015,Late
4/5/2023,9E,5340,JFK,SYR,90,14.1,23.3,7.8,119,6,17.1,0,0,30,1000,2.3,8.3,69,1015,Late
4/5/2023,UA,538,ORD,SYR,90,14.1,23.3,7.8,119,6,17.1,0,0,30,1000,2.3,8.3,69,1015,Late
4/6/2023,B6,56,MCO,SYR,88,11.6,15,7.2,238,3.3,13.2,0,0,7.8,1004,2.3,5.4,68,1019,On Time
4/6/2023,B6,116,JFK,SYR,88,11.6,15,7.2,238,3.3,13.2,0,0,7.8,1004,2.3,5.4,68,1019,Early
4/6/2023,9E,5340,JFK,SYR,88,11.6,15,7.2,238,3.3,13.2,0,0,7.8,1004,2.3,5.4,68,1019,On Time
4/6/2023,UA,538,ORD,SYR,88,11.6,15,7.2,238,3.3,13.2,0,0,7.8,1004,2.3,5.4,68,1019,Early
4/7/2023,B6,56,MCO,SYR,63,4.2,7.2,-0.3,275,5.7,13.8,0,0,0,1014,2.5,-5.7,49,1029,Late
4/7/2023,B6,116,JFK,SYR,63,4.2,7.2,-0.3,275,5.7,13.8,0,0,0,1014,2.5,-5.7,49,1029,Late
4/7/2023,9E,5340,JFK,SYR,63,4.2,7.2,-0.3,275,5.7,13.8,0,0,0,1014,2.5,-5.7,49,1029,Early
4/7/2023,UA,538,ORD,SYR,63,4.2,7.2,-0.3,275,5.7,13.8,0,0,0,1014,2.5,-5.7,49,1029,Early
4/8/2023,B6,56,MCO,SYR,35,3.1,9.4,-3.3,304,2.3,6.8,0,0,0,1017,7.6,-9.8,43,1032,Late
4/8/2023,B6,116,JFK,SYR,35,3.1,9.4,-3.3,304,2.3,6.8,0,0,0,1017,7.6,-9.8,43,1032,Early
4/8/2023,9E,5340,JFK,SYR,35,3.1,9.4,-3.3,304,2.3,6.8,0,0,0,1017,7.6,-9.8,43,1032,Early
4/8/2023,UA,538,ORD,SYR,35,3.1,9.4,-3.3,304,2.3,6.8,0,0,0,1017,7.6,-9.8,43,1032,Early
4/8/2023,WN,491,MCO,SYR,35,3.1,9.4,-3.3,304,2.3,6.8,0,0,0,1017,7.6,-9.8,43,1032,Early
4/9/2023,B6,56,MCO,SYR,5,4.8,12.2,-2.2,268,1.4,6,0,0,0,1017,7.6,-7.6,44,1033,Late
4/9/2023,B6,116,JFK,SYR,5,4.8,12.2,-2.2,268,1.4,6,0,0,0,1017,7.6,-7.6,44,1033,On Time
4/9/2023,9E,5340,JFK,SYR,5,4.8,12.2,-2.2,268,1.4,6,0,0,0,1017,7.6,-7.6,44,1033,Early
4/9/2023,UA,538,ORD,SYR,5,4.8,12.2,-2.2,268,1.4,6,0,0,0,1017,7.6,-7.6,44,1033,Early
4/10/2023,B6,56,MCO,SYR,21,9.7,18.9,-0.6,174,1.7,5.6,0,0,0,1013,7.7,-3.8,43,1028,Late
4/10/2023,B6,116,JFK,SYR,21,9.7,18.9,-0.6,174,1.7,5.6,0,0,0,1013,7.7,-3.8,43,1028,Early
4/10/2023,9E,5340,JFK,SYR,21,9.7,18.9,-0.6,174,1.7,5.6,0,0,0,1013,7.7,-3.8,43,1028,Early
4/10/2023,UA,538,ORD,SYR,21,9.7,18.9,-0.6,174,1.7,5.6,0,0,0,1013,7.7,-3.8,43,1028,Early
4/11/2023,B6,56,MCO,SYR,74,14.9,22.8,2.8,211,6.5,14.9,0,0,0,1002,2.5,0,39,1017,Early
4/11/2023,B6,116,JFK,SYR,74,14.9,22.8,2.8,211,6.5,14.9,0,0,0,1002,2.5,0,39,1017,Late
4/11/2023,9E,5340,JFK,SYR,74,14.9,22.8,2.8,211,6.5,14.9,0,0,0,1002,2.5,0,39,1017,Late
4/11/2023,UA,538,ORD,SYR,74,14.9,22.8,2.8,211,6.5,14.9,0,0,0,1002,2.5,0,39,1017,Early
4/12/2023,B6,56,MCO,SYR,65,19.3,26.7,10.6,266,5.6,16,0,0,0,996,7.9,4.3,38,1010,Late
4/12/2023,B6,116,JFK,SYR,65,19.3,26.7,10.6,266,5.6,16,0,0,0,996,7.9,4.3,38,1010,Late
4/12/2023,9E,5340,JFK,SYR,65,19.3,26.7,10.6,266,5.6,16,0,0,0,996,7.9,4.3,38,1010,Early
4/12/2023,UA,538,ORD,SYR,65,19.3,26.7,10.6,266,5.6,16,0,0,0,996,7.9,4.3,38,1010,Early
4/13/2023,B6,56,MCO,SYR,7,23,29.4,16.7,251,5.1,10.8,0,0,0,994,7.9,6.1,34,1009,Late
4/13/2023,B6,116,JFK,SYR,7,23,29.4,16.7,251,5.1,10.8,0,0,0,994,7.9,6.1,34,1009,Early
4/13/2023,9E,5340,JFK,SYR,7,23,29.4,16.7,251,5.1,10.8,0,0,0,994,7.9,6.1,34,1009,Early
4/13/2023,UA,538,ORD,SYR,7,23,29.4,16.7,251,5.1,10.8,0,0,0,994,7.9,6.1,34,1009,Early
4/14/2023,B6,56,MCO,SYR,57,21.2,30,11.7,175,1.8,5.2,0,0,0,996,7.4,5.5,39,1010,On Time
4/14/2023,B6,116,JFK,SYR,57,21.2,30,11.7,175,1.8,5.2,0,0,0,996,7.4,5.5,39,1010,Early
4/14/2023,9E,5340,JFK,SYR,57,21.2,30,11.7,175,1.8,5.2,0,0,0,996,7.4,5.5,39,1010,Late
4/14/2023,UA,538,ORD,SYR,57,21.2,30,11.7,175,1.8,5.2,0,0,0,996,7.4,5.5,39,1010,Early
4/15/2023,B6,56,MCO,SYR,54,21.2,30,11.7,168,2.2,6,0,0,0,994,3.9,8.9,48,1008,Late
4/15/2023,B6,116,JFK,SYR,54,21.2,30,11.7,168,2.2,6,0,0,0,994,3.9,8.9,48,1008,Early
4/15/2023,9E,5340,JFK,SYR,54,21.2,30,11.7,168,2.2,6,0,0,0,994,3.9,8.9,48,1008,On Time
4/15/2023,UA,538,ORD,SYR,54,21.2,30,11.7,168,2.2,6,0,0,0,994,3.9,8.9,48,1008,Late
4/16/2023,B6,56,MCO,SYR,53,21.5,27.2,15,123,2.9,10.3,0,0,0.5,991,7.3,11.3,55,1005,Late
4/16/2023,B6,116,JFK,SYR,53,21.5,27.2,15,123,2.9,10.3,0,0,0.5,991,7.3,11.3,55,1005,Late
4/16/2023,9E,5340,JFK,SYR,53,21.5,27.2,15,123,2.9,10.3,0,0,0.5,991,7.3,11.3,55,1005,Early
4/16/2023,UA,538,ORD,SYR,53,21.5,27.2,15,123,2.9,10.3,0,0,0.5,991,7.3,11.3,55,1005,Early
4/17/2023,B6,56,MCO,SYR,98,10.7,20.6,4.8,236,4.1,16.7,0,0,13.8,988,3.8,5,69,1002,Late
4/17/2023,B6,116,JFK,SYR,98,10.7,20.6,4.8,236,4.1,16.7,0,0,13.8,988,3.8,5,69,1002,Late
4/17/2023,9E,5340,JFK,SYR,98,10.7,20.6,4.8,236,4.1,16.7,0,0,13.8,988,3.8,5,69,1002,On Time
4/17/2023,UA,538,ORD,SYR,98,10.7,20.6,4.8,236,4.1,16.7,0,0,13.8,988,3.8,5,69,1002,Early
4/18/2023,B6,56,MCO,SYR,99,5.3,7.2,3.3,240,5.8,12.4,0.5,0,1.5,991,3,-0.4,67,1006,On Time
4/18/2023,B6,116,JFK,SYR,99,5.3,7.2,3.3,240,5.8,12.4,0.5,0,1.5,991,3,-0.4,67,1006,Late
4/18/2023,9E,5340,JFK,SYR,99,5.3,7.2,3.3,240,5.8,12.4,0.5,0,1.5,991,3,-0.4,67,1006,Early
4/18/2023,UA,538,ORD,SYR,99,5.3,7.2,3.3,240,5.8,12.4,0.5,0,1.5,991,3,-0.4,67,1006,Late
4/19/2023,B6,56,MCO,SYR,91,3.7,6.1,1.7,266,5.2,11.2,0.3,0,0.3,1002,2.6,-2.1,66,1017,Late
4/19/2023,B6,116,JFK,SYR,91,3.7,6.1,1.7,266,5.2,11.2,0.3,0,0.3,1002,2.6,-2.1,66,1017,Early
4/19/2023,9E,5340,JFK,SYR,91,3.7,6.1,1.7,266,5.2,11.2,0.3,0,0.3,1002,2.6,-2.1,66,1017,Late
4/19/2023,UA,538,ORD,SYR,91,3.7,6.1,1.7,266,5.2,11.2,0.3,0,0.3,1002,2.6,-2.1,66,1017,Early
4/20/2023,B6,56,MCO,SYR,81,8.4,15,2.2,108,1.8,6,0,0,2.3,1007,7.3,-1,54,1022,On Time
4/20/2023,B6,116,JFK,SYR,81,8.4,15,2.2,108,1.8,6,0,0,2.3,1007,7.3,-1,54,1022,Early
4/20/2023,9E,5340,JFK,SYR,81,8.4,15,2.2,108,1.8,6,0,0,2.3,1007,7.3,-1,54,1022,Late
4/20/2023,UA,538,ORD,SYR,81,8.4,15,2.2,108,1.8,6,0,0,2.3,1007,7.3,-1,54,1022,Late
4/21/2023,B6,56,MCO,SYR,74,18.7,31.1,10,142,3.6,9.2,0,0,2.5,997,7,5.3,43,1012,Late
4/21/2023,B6,116,JFK,SYR,74,18.7,31.1,10,142,3.6,9.2,0,0,2.5,997,7,5.3,43,1012,Early
4/21/2023,9E,5340,JFK,SYR,74,18.7,31.1,10,142,3.6,9.2,0,0,2.5,997,7,5.3,43,1012,Late
4/21/2023,UA,538,ORD,SYR,74,18.7,31.1,10,142,3.6,9.2,0,0,2.5,997,7,5.3,43,1012,Early
4/22/2023,B6,56,MCO,SYR,93,16.1,23.9,9.6,158,5,16.9,0,0,15.5,993,4.6,8.5,63,1008,Late
4/22/2023,B6,116,JFK,SYR,93,16.1,23.9,9.6,158,5,16.9,0,0,15.5,993,4.6,8.5,63,1008,Early
4/22/2023,9E,5340,JFK,SYR,93,16.1,23.9,9.6,158,5,16.9,0,0,15.5,993,4.6,8.5,63,1008,On Time
4/22/2023,UA,538,ORD,SYR,93,16.1,23.9,9.6,158,5,16.9,0,0,15.5,993,4.6,8.5,63,1008,Early
4/23/2023,B6,56,MCO,SYR,95,9.4,12.8,6.8,258,3,11.2,0,0,4.3,998,5.4,4,70,1013,Late
4/23/2023,B6,116,JFK,SYR,95,9.4,12.8,6.8,258,3,11.2,0,0,4.3,998,5.4,4,70,1013,Late
4/23/2023,9E,5340,JFK,SYR,95,9.4,12.8,6.8,258,3,11.2,0,0,4.3,998,5.4,4,70,1013,Late
4/23/2023,UA,538,ORD,SYR,95,9.4,12.8,6.8,258,3,11.2,0,0,4.3,998,5.4,4,70,1013,Late
4/24/2023,B6,56,MCO,SYR,90,7.3,11.1,4.4,262,3.6,9.8,0,0,4.5,1002,5.9,0.4,62,1017,On Time
4/24/2023,B6,116,JFK,SYR,90,7.3,11.1,4.4,262,3.6,9.8,0,0,4.5,1002,5.9,0.4,62,1017,On Time
4/24/2023,9E,5340,JFK,SYR,90,7.3,11.1,4.4,262,3.6,9.8,0,0,4.5,1002,5.9,0.4,62,1017,Late
4/24/2023,UA,538,ORD,SYR,90,7.3,11.1,4.4,262,3.6,9.8,0,0,4.5,1002,5.9,0.4,62,1017,Early
4/25/2023,B6,56,MCO,SYR,80,7.1,10.6,2.2,244,2.9,8.4,0,0,0.8,1006,5,-1.2,57,1021,Early
4/25/2023,B6,116,JFK,SYR,80,7.1,10.6,2.2,244,2.9,8.4,0,0,0.8,1006,5,-1.2,57,1021,On Time
4/25/2023,9E,5340,JFK,SYR,80,7.1,10.6,2.2,244,2.9,8.4,0,0,0.8,1006,5,-1.2,57,1021,Late
4/25/2023,UA,538,ORD,SYR,80,7.1,10.6,2.2,244,2.9,8.4,0,0,0.8,1006,5,-1.2,57,1021,Early
4/26/2023,B6,56,MCO,SYR,77,7.1,11.7,2.2,222,2.5,9.3,0,0,0.5,1006,4.9,0.2,63,1021,Late
4/26/2023,B6,116,JFK,SYR,77,7.1,11.7,2.2,222,2.5,9.3,0,0,0.5,1006,4.9,0.2,63,1021,On Time
4/26/2023,9E,5340,JFK,SYR,77,7.1,11.7,2.2,222,2.5,9.3,0,0,0.5,1006,4.9,0.2,63,1021,Early
4/26/2023,UA,538,ORD,SYR,77,7.1,11.7,2.2,222,2.5,9.3,0,0,0.5,1006,4.9,0.2,63,1021,Late
4/27/2023,B6,56,MCO,SYR,60,9,15.6,2.2,140,1.4,4.8,0,0,0,1006,6.8,-1.4,54,1022,On Time
4/27/2023,B6,116,JFK,SYR,60,9,15.6,2.2,140,1.4,4.8,0,0,0,1006,6.8,-1.4,54,1022,Early
4/27/2023,9E,5340,JFK,SYR,60,9,15.6,2.2,140,1.4,4.8,0,0,0,1006,6.8,-1.4,54,1022,Early
4/27/2023,UA,538,ORD,SYR,60,9,15.6,2.2,140,1.4,4.8,0,0,0,1006,6.8,-1.4,54,1022,Early
4/28/2023,B6,56,MCO,SYR,85,12.3,18.9,6.1,108,4.2,12.4,0,0,4,1003,2.7,3.3,56,1018,Early
4/28/2023,B6,116,JFK,SYR,85,12.3,18.9,6.1,108,4.2,12.4,0,0,4,1003,2.7,3.3,56,1018,Early
4/28/2023,9E,5340,JFK,SYR,85,12.3,18.9,6.1,108,4.2,12.4,0,0,4,1003,2.7,3.3,56,1018,On Time
4/28/2023,UA,538,ORD,SYR,85,12.3,18.9,6.1,108,4.2,12.4,0,0,4,1003,2.7,3.3,56,1018,Early
4/29/2023,B6,56,MCO,SYR,100,9.6,12.8,6.7,94,5.3,11.6,0,0,12.5,995,2.9,6.6,82,1010,Late
4/29/2023,B6,116,JFK,SYR,100,9.6,12.8,6.7,94,5.3,11.6,0,0,12.5,995,2.9,6.6,82,1010,Late
4/29/2023,9E,5340,JFK,SYR,100,9.6,12.8,6.7,94,5.3,11.6,0,0,12.5,995,2.9,6.6,82,1010,On Time
4/29/2023,UA,538,ORD,SYR,100,9.6,12.8,6.7,94,5.3,11.6,0,0,12.5,995,2.9,6.6,82,1010,Late
4/30/2023,B6,56,MCO,SYR,97,10.1,11.7,8.5,95,5.1,11.8,0,0,37,983,2.8,8.9,92,998,Late
4/30/2023,B6,116,JFK,SYR,97,10.1,11.7,8.5,95,5.1,11.8,0,0,37,983,2.8,8.9,92,998,Early
4/30/2023,9E,5340,JFK,SYR,97,10.1,11.7,8.5,95,5.1,11.8,0,0,37,983,2.8,8.9,92,998,Late
4/30/2023,UA,538,ORD,SYR,97,10.1,11.7,8.5,95,5.1,11.8,0,0,37,983,2.8,8.9,92,998,Early
5/1/2023,B6,56,MCO,SYR,92,8.4,13.9,5.6,217,5.1,16.1,0,0,14.8,974,5.5,3.9,75,989,Late
5/1/2023,B6,116,JFK,SYR,92,8.4,13.9,5.6,217,5.1,16.1,0,0,14.8,974,5.5,3.9,75,989,Late
5/1/2023,9E,5340,JFK,SYR,92,8.4,13.9,5.6,217,5.1,16.1,0,0,14.8,974,5.5,3.9,75,989,Early
5/1/2023,UA,538,ORD,SYR,92,8.4,13.9,5.6,217,5.1,16.1,0,0,14.8,974,5.5,3.9,75,989,Early
5/2/2023,B6,56,MCO,SYR,88,7.6,10.6,5.6,218,2.8,8.4,0,0,1,979,4.2,3,73,993,On Time
5/2/2023,B6,116,JFK,SYR,88,7.6,10.6,5.6,218,2.8,8.4,0,0,1,979,4.2,3,73,993,Early
5/2/2023,9E,5340,JFK,SYR,88,7.6,10.6,5.6,218,2.8,8.4,0,0,1,979,4.2,3,73,993,Early
5/2/2023,UA,538,ORD,SYR,88,7.6,10.6,5.6,218,2.8,8.4,0,0,1,979,4.2,3,73,993,Early
5/3/2023,B6,56,MCO,SYR,100,6.1,8.9,4.4,268,2.7,7.2,0,0,5,985,2.8,3.2,82,1000,Early
5/3/2023,B6,116,JFK,SYR,100,6.1,8.9,4.4,268,2.7,7.2,0,0,5,985,2.8,3.2,82,1000,Late
5/3/2023,9E,5340,JFK,SYR,100,6.1,8.9,4.4,268,2.7,7.2,0,0,5,985,2.8,3.2,82,1000,Early
5/3/2023,UA,538,ORD,SYR,100,6.1,8.9,4.4,268,2.7,7.2,0,0,5,985,2.8,3.2,82,1000,Early
5/4/2023,B6,56,MCO,SYR,97,8.7,12.2,5.6,282,2.5,10.4,0,0,2.8,997,4.7,5.1,79,1012,Late
5/4/2023,B6,116,JFK,SYR,97,8.7,12.2,5.6,282,2.5,10.4,0,0,2.8,997,4.7,5.1,79,1012,Early
5/4/2023,9E,5340,JFK,SYR,97,8.7,12.2,5.6,282,2.5,10.4,0,0,2.8,997,4.7,5.1,79,1012,Early
5/4/2023,UA,538,ORD,SYR,97,8.7,12.2,5.6,282,2.5,10.4,0,0,2.8,997,4.7,5.1,79,1012,On Time
5/5/2023,B6,116,JFK,SYR,88,11.2,16.7,6.7,296,2.5,8,0,0,0.5,1007,5.9,4.9,66,1023,Late
5/5/2023,9E,5340,JFK,SYR,88,11.2,16.7,6.7,296,2.5,8,0,0,0.5,1007,5.9,4.9,66,1023,Early
5/5/2023,UA,538,ORD,SYR,88,11.2,16.7,6.7,296,2.5,8,0,0,0.5,1007,5.9,4.9,66,1023,On Time
5/6/2023,B6,116,JFK,SYR,24,13.2,20.6,5,287,2.5,8.2,0,0,0,1009,8.1,3.5,56,1024,Late
5/6/2023,9E,5340,JFK,SYR,24,13.2,20.6,5,287,2.5,8.2,0,0,0,1009,8.1,3.5,56,1024,Early
5/6/2023,UA,538,ORD,SYR,24,13.2,20.6,5,287,2.5,8.2,0,0,0,1009,8.1,3.5,56,1024,Late
5/7/2023,B6,116,JFK,SYR,68,14.3,23.3,6.1,167,1.9,6.4,0,0,5.5,1000,4.2,5,58,1015,Late
5/7/2023,9E,5340,JFK,SYR,68,14.3,23.3,6.1,167,1.9,6.4,0,0,5.5,1000,4.2,5,58,1015,Late
5/7/2023,UA,538,ORD,SYR,68,14.3,23.3,6.1,167,1.9,6.4,0,0,5.5,1000,4.2,5,58,1015,On Time
5/8/2023,B6,116,JFK,SYR,74,13.4,17.8,8.9,283,3.6,10.4,0,0,0,997,5.2,4.4,60,1012,On Time
5/8/2023,9E,5340,JFK,SYR,74,13.4,17.8,8.9,283,3.6,10.4,0,0,0,997,5.2,4.4,60,1012,Early
5/8/2023,UA,538,ORD,SYR,74,13.4,17.8,8.9,283,3.6,10.4,0,0,0,997,5.2,4.4,60,1012,On Time
5/9/2023,B6,116,JFK,SYR,83,11.4,16.7,6.1,272,2.6,11.3,0,0,0,1001,9.4,-0.2,49,1016,Early
5/9/2023,9E,5340,JFK,SYR,83,11.4,16.7,6.1,272,2.6,11.3,0,0,0,1001,9.4,-0.2,49,1016,On Time
5/9/2023,UA,538,ORD,SYR,83,11.4,16.7,6.1,272,2.6,11.3,0,0,0,1001,9.4,-0.2,49,1016,Early
5/10/2023,B6,116,JFK,SYR,38,13.2,21.1,5,224,2.9,9.2,0,0,0,1005,9.4,1.3,48,1020,On Time
5/10/2023,9E,5340,JFK,SYR,38,13.2,21.1,5,224,2.9,9.2,0,0,0,1005,9.4,1.3,48,1020,Early
5/10/2023,UA,538,ORD,SYR,38,13.2,21.1,5,224,2.9,9.2,0,0,0,1005,9.4,1.3,48,1020,On Time
5/11/2023,B6,116,JFK,SYR,51,17.3,25.6,7.2,215,2.6,9.6,0,0,0,1004,9.2,6.2,51,1018,Late
5/11/2023,9E,5340,JFK,SYR,51,17.3,25.6,7.2,215,2.6,9.6,0,0,0,1004,9.2,6.2,51,1018,Early
5/11/2023,UA,538,ORD,SYR,51,17.3,25.6,7.2,215,2.6,9.6,0,0,0,1004,9.2,6.2,51,1018,Late
5/12/2023,B6,116,JFK,SYR,77,21.4,28.3,13.3,243,3.4,10.3,0,0,0,1002,3.4,8.1,45,1016,Late
5/12/2023,9E,5340,JFK,SYR,77,21.4,28.3,13.3,243,3.4,10.3,0,0,0,1002,3.4,8.1,45,1016,Early
5/12/2023,UA,538,ORD,SYR,77,21.4,28.3,13.3,243,3.4,10.3,0,0,0,1002,3.4,8.1,45,1016,Late
5/13/2023,B6,116,JFK,SYR,82,18.8,22.8,12.6,297,3.7,10.3,0,0,0,1004,7.2,4.2,40,1019,On Time
5/13/2023,9E,5340,JFK,SYR,82,18.8,22.8,12.6,297,3.7,10.3,0,0,0,1004,7.2,4.2,40,1019,On Time
5/13/2023,UA,538,ORD,SYR,82,18.8,22.8,12.6,297,3.7,10.3,0,0,0,1004,7.2,4.2,40,1019,Late
5/14/2023,B6,116,JFK,SYR,47,11.8,15.6,7.2,275,3.7,10.3,0,0,0,1011,7.8,1.2,50,1026,On Time
5/14/2023,9E,5340,JFK,SYR,47,11.8,15.6,7.2,275,3.7,10.3,0,0,0,1011,7.8,1.2,50,1026,Early
5/14/2023,UA,538,ORD,SYR,47,11.8,15.6,7.2,275,3.7,10.3,0,0,0,1011,7.8,1.2,50,1026,Late
5/15/2023,B6,116,JFK,SYR,61,14.1,22.2,3.9,226,3.9,10.8,0,0,0,1006,9,1.3,47,1021,Early
5/15/2023,9E,5340,JFK,SYR,61,14.1,22.2,3.9,226,3.9,10.8,0,0,0,1006,9,1.3,47,1021,Early
5/15/2023,UA,538,ORD,SYR,61,14.1,22.2,3.9,226,3.9,10.8,0,0,0,1006,9,1.3,47,1021,Late
5/16/2023,B6,116,JFK,SYR,76,17.3,25,8.9,265,6.8,14.1,0,0,0,991,7.9,0.9,36,1005,Late
5/16/2023,9E,5340,JFK,SYR,76,17.3,25,8.9,265,6.8,14.1,0,0,0,991,7.9,0.9,36,1005,Early
5/16/2023,UA,538,ORD,SYR,76,17.3,25,8.9,265,6.8,14.1,0,0,0,991,7.9,0.9,36,1005,Late
5/17/2023,B6,116,JFK,SYR,66,6.7,10,2.8,313,5.3,10.8,0,0,0,999,4.9,-3.9,49,1014,Late
5/17/2023,9E,5340,JFK,SYR,66,6.7,10,2.8,313,5.3,10.8,0,0,0,999,4.9,-3.9,49,1014,Early
5/17/2023,UA,538,ORD,SYR,66,6.7,10,2.8,313,5.3,10.8,0,0,0,999,4.9,-3.9,49,1014,Late
5/18/2023,B6,116,JFK,SYR,45,9.6,18.3,-0.6,132,2,8.4,0,0,0,1007,9.7,-3.4,44,1023,On Time
5/18/2023,9E,5340,JFK,SYR,45,9.6,18.3,-0.6,132,2,8.4,0,0,0,1007,9.7,-3.4,44,1023,Early
5/18/2023,UA,538,ORD,SYR,45,9.6,18.3,-0.6,132,2,8.4,0,0,0,1007,9.7,-3.4,44,1023,Early
5/19/2023,B6,116,JFK,SYR,64,18.5,25,10,170,5.4,13.2,0,0,0.8,1004,7.9,6.6,47,1019,Late
5/19/2023,9E,5340,JFK,SYR,64,18.5,25,10,170,5.4,13.2,0,0,0.8,1004,7.9,6.6,47,1019,Early
5/19/2023,UA,538,ORD,SYR,64,18.5,25,10,170,5.4,13.2,0,0,0.8,1004,7.9,6.6,47,1019,On Time
5/20/2023,B6,116,JFK,SYR,94,17.6,23.3,11.4,184,4,12.8,0,0,7.8,999,3.2,9.7,62,1013,On Time
5/20/2023,9E,5340,JFK,SYR,94,17.6,23.3,11.4,184,4,12.8,0,0,7.8,999,3.2,9.7,62,1013,On Time
5/20/2023,UA,538,ORD,SYR,94,17.6,23.3,11.4,184,4,12.8,0,0,7.8,999,3.2,9.7,62,1013,Late
5/21/2023,B6,116,JFK,SYR,80,16,22.8,11.1,285,3.9,11.3,0,0,0,1000,9.3,8.4,63,1015,On Time
5/21/2023,9E,5340,JFK,SYR,80,16,22.8,11.1,285,3.9,11.3,0,0,0,1000,9.3,8.4,63,1015,Early
5/21/2023,UA,538,ORD,SYR,80,16,22.8,11.1,285,3.9,11.3,0,0,0,1000,9.3,8.4,63,1015,Early
5/22/2023,B6,116,JFK,SYR,62,15.4,21.7,8.9,298,2.1,8.4,0,0,0,1007,9.7,6.8,60,1022,On Time
5/22/2023,9E,5340,JFK,SYR,62,15.4,21.7,8.9,298,2.1,8.4,0,0,0,1007,9.7,6.8,60,1022,On Time
5/22/2023,UA,538,ORD,SYR,62,15.4,21.7,8.9,298,2.1,8.4,0,0,0,1007,9.7,6.8,60,1022,Late
5/23/2023,B6,116,JFK,SYR,72,18.2,26.1,9.4,195,1.5,7.7,0,0,0,1007,9.4,7.8,53,1022,Late
5/23/2023,9E,5340,JFK,SYR,72,18.2,26.1,9.4,195,1.5,7.7,0,0,0,1007,9.4,7.8,53,1022,Early
5/23/2023,UA,538,ORD,SYR,72,18.2,26.1,9.4,195,1.5,7.7,0,0,0,1007,9.4,7.8,53,1022,Late
5/24/2023,B6,116,JFK,SYR,86,15.5,20.6,8.2,289,4.3,14.4,0,0,3,1004,5.3,8.5,64,1018,Early
5/24/2023,9E,5340,JFK,SYR,86,15.5,20.6,8.2,289,4.3,14.4,0,0,3,1004,5.3,8.5,64,1018,Early
5/24/2023,UA,538,ORD,SYR,86,15.5,20.6,8.2,289,4.3,14.4,0,0,3,1004,5.3,8.5,64,1018,Early
5/25/2023,B6,116,JFK,SYR,24,10.3,16.1,3.3,322,3.6,10.8,0,0,0,1009,6,1.6,56,1024,Late
5/25/2023,9E,5340,JFK,SYR,24,10.3,16.1,3.3,322,3.6,10.8,0,0,0,1009,6,1.6,56,1024,Early
5/25/2023,UA,538,ORD,SYR,24,10.3,16.1,3.3,322,3.6,10.8,0,0,0,1009,6,1.6,56,1024,Late
5/26/2023,B6,116,JFK,SYR,16,13.5,21.1,4.4,294,2.3,8.8,0,0,0,1011,10,2.2,51,1026,Early
5/26/2023,9E,5340,JFK,SYR,16,13.5,21.1,4.4,294,2.3,8.8,0,0,0,1011,10,2.2,51,1026,Late
5/26/2023,UA,538,ORD,SYR,16,13.5,21.1,4.4,294,2.3,8.8,0,0,0,1011,10,2.2,51,1026,Late
5/27/2023,B6,116,JFK,SYR,16,16.7,26.7,6.7,146,1.4,6,0,0,0,1011,10,3.6,46,1025,Early
5/27/2023,9E,5340,JFK,SYR,16,16.7,26.7,6.7,146,1.4,6,0,0,0,1011,10,3.6,46,1025,Early
5/27/2023,UA,538,ORD,SYR,16,16.7,26.7,6.7,146,1.4,6,0,0,0,1011,10,3.6,46,1025,Late
5/28/2023,B6,116,JFK,SYR,30,19.1,28.3,10,233,2,7.2,0,0,0,1005,10,5.1,44,1019,On Time
5/28/2023,9E,5340,JFK,SYR,30,19.1,28.3,10,233,2,7.2,0,0,0,1005,10,5.1,44,1019,Early
5/28/2023,UA,538,ORD,SYR,30,19.1,28.3,10,233,2,7.2,0,0,0,1005,10,5.1,44,1019,Early
5/29/2023,B6,116,JFK,SYR,14,21,30,10,194,2,7.2,0,0,0,1001,10,7.7,46,1016,Late
5/29/2023,9E,5340,JFK,SYR,14,21,30,10,194,2,7.2,0,0,0,1001,10,7.7,46,1016,Late
5/29/2023,UA,538,ORD,SYR,14,21,30,10,194,2,7.2,0,0,0,1001,10,7.7,46,1016,On Time
5/30/2023,B6,116,JFK,SYR,19,23,30,16.7,200,2.1,10,0,0,0,1004,10,8.3,41,1018,On Time
5/30/2023,9E,5340,JFK,SYR,19,23,30,16.7,200,2.1,10,0,0,0,1004,10,8.3,41,1018,Early
5/30/2023,UA,538,ORD,SYR,19,23,30,16.7,200,2.1,10,0,0,0,1004,10,8.3,41,1018,Early
5/31/2023,B6,116,JFK,SYR,21,23.3,31.1,15,91,2.3,7.6,0,0,0,1004,10,10.4,47,1019,On Time
5/31/2023,9E,5340,JFK,SYR,21,23.3,31.1,15,91,2.3,7.6,0,0,0,1004,10,10.4,47,1019,Early
5/31/2023,UA,538,ORD,SYR,21,23.3,31.1,15,91,2.3,7.6,0,0,0,1004,10,10.4,47,1019,Late
9/16/2023,B6,116,JFK,SYR,43,15.9,22.8,10,272,2.7,9.8,0,0,0,1001,5,8.9,66,1016,Late
9/16/2023,UA,538,ORD,SYR,43,15.9,22.8,10,272,2.7,9.8,0,0,0,1001,5,8.9,66,1016,Early
9/17/2023,B6,116,JFK,SYR,73,17,21.7,12.8,175,2.1,5.2,0,0,0,998,4.6,10.9,68,1013,Early
9/17/2023,UA,538,ORD,SYR,73,17,21.7,12.8,175,2.1,5.2,0,0,0,998,4.6,10.9,68,1013,Early
9/18/2023,B6,116,JFK,SYR,87,17.3,22.8,13.9,192,2.5,7.6,0,0,1.8,995,4.4,12.5,75,1009,Late
9/18/2023,UA,538,ORD,SYR,87,17.3,22.8,13.9,192,2.5,7.6,0,0,1.8,995,4.4,12.5,75,1009,Early
9/19/2023,B6,116,JFK,SYR,74,16,20,11.7,259,5,12.4,0,0,1.8,999,4.7,10.3,70,1014,Late
9/19/2023,UA,538,ORD,SYR,74,16,20,11.7,259,5,12.4,0,0,1.8,999,4.7,10.3,70,1014,Late
9/20/2023,B6,116,JFK,SYR,26,14.1,20.6,8.9,243,2.8,8.4,0,0,0,1006,4.8,6.7,64,1021,On Time
9/20/2023,UA,538,ORD,SYR,26,14.1,20.6,8.9,243,2.8,8.4,0,0,0,1006,4.8,6.7,64,1021,Late
9/21/2023,B6,116,JFK,SYR,21,14.2,22.2,7.8,211,1.3,5.6,0,0,0,1011,5.1,7.4,67,1026,Early
9/21/2023,UA,538,ORD,SYR,21,14.2,22.2,7.8,211,1.3,5.6,0,0,0,1011,5.1,7.4,67,1026,Late
9/22/2023,B6,116,JFK,SYR,53,15.5,23.9,7.8,85,2.4,9.3,0,0,0,1012,5.6,9.1,68,1027,Early
9/22/2023,UA,538,ORD,SYR,53,15.5,23.9,7.8,85,2.4,9.3,0,0,0,1012,5.6,9.1,68,1027,Late
9/23/2023,B6,116,JFK,SYR,94,14.1,16.7,11.7,75,2.9,9.8,0,0,0,1009,1.8,9.2,73,1024,Late
9/23/2023,UA,538,ORD,SYR,94,14.1,16.7,11.7,75,2.9,9.8,0,0,0,1009,1.8,9.2,73,1024,On Time
9/24/2023,B6,116,JFK,SYR,100,14.8,17.8,12.2,75,2.9,9.6,0,0,2,1004,1.9,10.1,73,1019,Late
9/24/2023,UA,538,ORD,SYR,100,14.8,17.8,12.2,75,2.9,9.6,0,0,2,1004,1.9,10.1,73,1019,Early
9/25/2023,B6,116,JFK,SYR,75,17.1,22.8,13.2,116,2.5,8.8,0,0,0,1006,2.8,10.7,68,1021,Early
9/25/2023,UA,538,ORD,SYR,75,17.1,22.8,13.2,116,2.5,8.8,0,0,0,1006,2.8,10.7,68,1021,Late
9/26/2023,B6,116,JFK,SYR,73,14.1,20,10,89,3.1,8.8,0,0,0,1013,1.8,8.2,69,1028,Early
9/26/2023,UA,538,ORD,SYR,73,14.1,20,10,89,3.1,8.8,0,0,0,1013,1.8,8.2,69,1028,Early
9/27/2023,B6,116,JFK,SYR,57,13.5,21.7,6.1,82,2.2,6.4,0,0,0,1012,2.8,5.4,62,1027,Late
9/27/2023,UA,538,ORD,SYR,57,13.5,21.7,6.1,82,2.2,6.4,0,0,0,1012,2.8,5.4,62,1027,Late
9/28/2023,B6,116,JFK,SYR,78,14.6,22.2,6.7,83,3,7.6,0,0,0,1009,5.4,6.6,62,1024,Early
9/28/2023,UA,538,ORD,SYR,78,14.6,22.2,6.7,83,3,7.6,0,0,0,1009,5.4,6.6,62,1024,Early
9/29/2023,B6,116,JFK,SYR,90,16.7,21.1,14.4,79,2.4,6,0,0,0,1007,2.5,11.7,73,1022,Late
9/30/2023,B6,116,JFK,SYR,38,17.4,25,11.1,197,2.2,6.8,0,0,0,1008,5.4,12,73,1023,Late
10/1/2023,B6,116,JFK,SYR,65,18.2,26.1,12.8,244,1.9,8,0,0,0,1009,4.6,13.3,75,1024,Late
10/2/2023,B6,116,JFK,SYR,22,19.3,26.7,13.3,250,1.5,6,0,0,0,1008,4.4,13.7,72,1023,Early
10/3/2023,B6,116,JFK,SYR,17,20.9,28.9,15,216,1.7,5.6,0,0,0,1006,5.2,15.1,71,1021,Late
10/4/2023,B6,116,JFK,SYR,12,21.9,31.1,14.4,100,2,6.8,0,0,0,1006,5.2,14.6,67,1020,On Time
10/5/2023,B6,116,JFK,SYR,69,22.3,29.4,15.6,145,4.1,10.4,0,0,0,1003,3.6,11.4,55,1018,Late
10/6/2023,B6,116,JFK,SYR,96,21.1,23.3,18.3,176,3.7,11.2,0,0,7.8,998,1.7,15.3,70,1012,Late
10/7/2023,B6,116,JFK,SYR,93,13.9,18.9,10.2,228,2.6,8.4,0,0,23.5,993,1.5,11,83,1007,Late
10/8/2023,B6,116,JFK,SYR,86,11.1,14.4,9,239,8.3,17.5,0,0,2.5,985,3.5,4.9,67,1000,Early
10/9/2023,B6,116,JFK,SYR,92,11.1,13.9,9.4,202,5.5,13.2,0,0,0,989,1.5,2.1,54,1004,Early
10/10/2023,B6,116,JFK,SYR,97,11.4,13.9,8.9,171,3,10.7,0,0,0.8,992,1.6,3,57,1007,Early
10/11/2023,B6,116,JFK,SYR,97,12.1,15.6,9.4,204,3.4,10.3,0,0,2,994,2.5,6.4,69,1009,Early
10/12/2023,B6,116,JFK,SYR,68,12.7,16.7,7.6,269,2.9,12,0,0,0,997,2.6,6,65,1012,Late
10/13/2023,B6,116,JFK,SYR,73,10.3,15.6,6.1,270,2,8,0,0,0,1001,1.6,3.9,65,1017,Late
10/14/2023,B6,116,JFK,SYR,92,10.1,13.3,7.2,166,1.4,5.2,0,0,0,995,1.4,5.4,73,1010,Late
10/15/2023,B6,116,JFK,SYR,95,9.6,11.1,7.2,306,3.2,9.6,0,0,9,989,2.2,5.8,77,1003,Early
10/16/2023,B6,116,JFK,SYR,97,12.2,15.6,9,311,4.3,11.8,0,0,0.3,990,2.7,7.8,75,1005,Late
10/17/2023,B6,116,JFK,SYR,97,11.3,15,8.3,246,2,6.4,0,0,1.3,999,2.3,7.6,78,1014,Late
10/18/2023,B6,116,JFK,SYR,100,12.2,15,10,197,1.6,7.2,0,0,0,1005,2.2,6.6,70,1020,Early
10/19/2023,B6,116,JFK,SYR,72,12.6,18.3,5.6,150,3.3,10.3,0,0,0,1001,1.7,5.2,62,1015,Early
10/20/2023,B6,116,JFK,SYR,90,16.3,20,13.3,162,5,13.3,0,0,13.8,987,2.1,9.4,65,1002,Late
10/21/2023,B6,116,JFK,SYR,100,12,13.3,9,252,5.3,13.6,0,0,5.8,980,1.9,9.4,84,995,Late
10/22/2023,B6,116,JFK,SYR,100,7,8.9,5.6,285,5.6,12,0,0,5.3,991,1.3,3.9,81,1006,On Time
10/23/2023,B6,116,JFK,SYR,67,8.2,12.8,4.4,261,3,9.2,0,0,0,1006,3.3,2.2,67,1021,Early
10/24/2023,B6,116,JFK,SYR,75,12.5,21.1,4.4,128,2.6,10.4,0,0,0,1008,3.9,2.2,54,1023,Late
10/25/2023,B6,116,JFK,SYR,87,18.3,23.9,11.7,148,2.6,9.6,0,0,1.5,1006,1.2,6.8,48,1021,Early
10/26/2023,B6,116,JFK,SYR,98,17.3,21.1,15,126,2,8.4,0,0,2.8,1006,2.5,12.9,76,1020,Late
10/27/2023,B6,116,JFK,SYR,84,19.4,25.6,15.6,178,2.8,8,0,0,1.5,1001,3,12.3,65,1016,Late
10/28/2023,B6,116,JFK,SYR,73,15,20,7.8,247,4.1,13.8,0,0,0,1002,3.2,9.2,69,1017,Late
10/29/2023,B6,116,JFK,SYR,98,8,8.9,6.7,148,3,9.9,0,0,2.8,1005,1.1,4.2,77,1020,Early
10/29/2023,UA,538,ORD,SYR,98,8,8.9,6.7,148,3,9.9,0,0,2.8,1005,1.1,4.2,77,1020,Early
10/30/2023,B6,116,JFK,SYR,100,7.2,7.8,4.7,239,3,9.6,0,0,13,996,1.1,4.4,82,1011,Late
10/30/2023,UA,538,ORD,SYR,100,7.2,7.8,4.7,239,3,9.6,0,0,13,996,1.1,4.4,82,1011,Early
10/31/2023,B6,116,JFK,SYR,95,4.1,6.1,2.2,160,2.5,7.2,0,0,0.5,1003,1.8,0.3,76,1018,On Time
10/31/2023,UA,538,ORD,SYR,95,4.1,6.1,2.2,160,2.5,7.2,0,0,0.5,1003,1.8,0.3,76,1018,Late
11/1/2023,B6,116,JFK,SYR,96,2.3,4.4,1,226,2.2,9.6,9.8,0,9,1004,1.5,-0.6,81,1019,Early
11/1/2023,UA,538,ORD,SYR,96,2.3,4.4,1,226,2.2,9.6,9.8,0,9,1004,1.5,-0.6,81,1019,Early
11/2/2023,B6,116,JFK,SYR,84,4.6,7.8,0.6,198,3.6,10,0,69,0,1012,2.1,-2.5,62,1028,Early
11/2/2023,UA,538,ORD,SYR,84,4.6,7.8,0.6,198,3.6,10,0,69,0,1012,2.1,-2.5,62,1028,Early
11/3/2023,B6,116,JFK,SYR,86,11.2,16.1,6.1,192,5.9,12.8,0,5,0,1008,3.5,-5.3,32,1023,Early
11/3/2023,UA,538,ORD,SYR,86,11.2,16.1,6.1,192,5.9,12.8,0,5,0,1008,3.5,-5.3,32,1023,Early
11/4/2023,B6,116,JFK,SYR,100,11.6,14.4,9.4,211,2,12.1,0,0,0.8,1005,1.2,2.1,54,1020,Early
11/4/2023,UA,538,ORD,SYR,100,11.6,14.4,9.4,211,2,12.1,0,0,0.8,1005,1.2,2.1,54,1020,Early
11/5/2023,B6,116,JFK,SYR,79,8,10.6,3.9,258,2.8,9.2,0,0,0.5,1004,2,1.6,66,1019,Early
11/5/2023,UA,538,ORD,SYR,79,8,10.6,3.9,258,2.8,9.2,0,0,0.5,1004,2,1.6,66,1019,Early
11/6/2023,B6,116,JFK,SYR,94,7.8,13,3.3,129,3.3,12.4,0,0,1.8,1000,1,0.5,61,1015,Late
11/6/2023,UA,538,ORD,SYR,94,7.8,13,3.3,129,3.3,12.4,0,0,1.8,1000,1,0.5,61,1015,Late
11/7/2023,B6,116,JFK,SYR,97,11.6,15.6,2.2,257,7,15.1,0,0,0,993,1.7,4.2,61,1007,Early
11/7/2023,UA,538,ORD,SYR,97,11.6,15.6,2.2,257,7,15.1,0,0,0,993,1.7,4.2,61,1007,Early
11/8/2023,B6,116,JFK,SYR,98,1.8,3.3,0.6,159,2.8,12,0.3,0,0.3,1004,1,-5.2,61,1020,Early
11/8/2023,UA,538,ORD,SYR,98,1.8,3.3,0.6,159,2.8,12,0.3,0,0.3,1004,1,-5.2,61,1020,On Time
11/9/2023,B6,116,JFK,SYR,88,5.4,8.9,1.1,172,4.4,13.6,2,0,1.8,995,1,1.7,77,1010,Early
11/9/2023,UA,538,ORD,SYR,88,5.4,8.9,1.1,172,4.4,13.6,2,0,1.8,995,1,1.7,77,1010,Early
11/10/2023,B6,116,JFK,SYR,88,7.8,10.6,5,250,4.5,10.8,0,0,0,1002,1.2,-1.5,52,1017,Early
11/10/2023,UA,538,ORD,SYR,88,7.8,10.6,5,250,4.5,10.8,0,0,0,1002,1.2,-1.5,52,1017,Early
11/11/2023,B6,116,JFK,SYR,97,3.9,6.7,1.1,291,2.8,8.8,0,0,0,1013,1.5,-2.5,63,1028,On Time
11/11/2023,UA,538,ORD,SYR,97,3.9,6.7,1.1,291,2.8,8.8,0,0,0,1013,1.5,-2.5,63,1028,Late
11/12/2023,B6,116,JFK,SYR,74,2,5,-2.1,205,1.1,5.2,0,0,0,1017,1,-4.4,63,1032,Early
11/12/2023,UA,538,ORD,SYR,74,2,5,-2.1,205,1.1,5.2,0,0,0,1017,1,-4.4,63,1032,Late
11/13/2023,B6,116,JFK,SYR,67,2,8.9,-4.4,97,2.2,8.4,0,0,5,1008,1.9,-2.8,72,1023,Late
11/13/2023,UA,538,ORD,SYR,67,2,8.9,-4.4,97,2.2,8.4,0,0,5,1008,1.9,-2.8,72,1023,On Time
11/14/2023,B6,116,JFK,SYR,84,5.3,7.2,-0.7,262,3.6,10.4,0,0,2.8,1011,1.1,0.1,70,1026,Early
11/14/2023,UA,538,ORD,SYR,84,5.3,7.2,-0.7,262,3.6,10.4,0,0,2.8,1011,1.1,0.1,70,1026,Early
11/15/2023,B6,116,JFK,SYR,69,5.7,14.4,-1.1,136,2.2,9.2,0,0,0,1009,1.7,-2,61,1024,Early
11/15/2023,UA,538,ORD,SYR,69,5.7,14.4,-1.1,136,2.2,9.2,0,0,0,1009,1.7,-2,61,1024,Early
11/16/2023,B6,116,JFK,SYR,53,7.7,16.7,1.7,154,1.8,8.8,0,0,0,1005,2.1,0.1,61,1021,Early
11/16/2023,UA,538,ORD,SYR,53,7.7,16.7,1.7,154,1.8,8.8,0,0,0,1005,2.1,0.1,61,1021,Early
11/17/2023,B6,116,JFK,SYR,94,13.1,18.3,6.1,210,4.7,13.6,0,0,18,995,0.9,3.3,55,1010,Early
11/17/2023,UA,538,ORD,SYR,94,13.1,18.3,6.1,210,4.7,13.6,0,0,18,995,0.9,3.3,55,1010,Late
11/18/2023,B6,116,JFK,SYR,73,4,6.7,1.7,291,3.4,10.8,0,0,2.8,997,1.5,-2.9,62,1012,Early
11/18/2023,UA,538,ORD,SYR,73,4,6.7,1.7,291,3.4,10.8,0,0,2.8,997,1.5,-2.9,62,1012,Late
11/19/2023,B6,116,JFK,SYR,75,4.9,9.4,1.3,254,4.8,14.6,0,0,0,998,1.7,-1.8,62,1013,Late
11/19/2023,UA,538,ORD,SYR,75,4.9,9.4,1.3,254,4.8,14.6,0,0,0,998,1.7,-1.8,62,1013,Early
11/20/2023,B6,116,JFK,SYR,56,-0.5,2.8,-3.3,285,1.8,6.8,0,0,0,1014,2.1,-9,53,1029,Late
11/20/2023,UA,538,ORD,SYR,56,-0.5,2.8,-3.3,285,1.8,6.8,0,0,0,1014,2.1,-9,53,1029,Late
11/21/2023,B6,116,JFK,SYR,96,-0.5,3.3,-4.4,77,5,15.2,35,0,19.5,1009,0.9,-5.5,69,1024,Late
11/21/2023,UA,538,ORD,SYR,96,-0.5,3.3,-4.4,77,5,15.2,35,0,19.5,1009,0.9,-5.5,69,1024,Early
11/22/2023,B6,116,JFK,SYR,100,5.5,8.3,2.8,141,3,13.6,0,0,6.3,993,0.9,3,84,1008,Early
11/22/2023,UA,538,ORD,SYR,100,5.5,8.3,2.8,141,3,13.6,0,0,6.3,993,0.9,3,84,1008,Early
11/24/2023,B6,116,JFK,SYR,97,1.7,6.1,-0.6,285,5.4,14.6,0,0,0,1007,1.1,-6.4,55,1023,Early
11/24/2023,UA,538,ORD,SYR,97,1.7,6.1,-0.6,285,5.4,14.6,0,0,0,1007,1.1,-6.4,55,1023,Early
11/25/2023,B6,116,JFK,SYR,88,1,5,-1.9,203,2.6,7.2,0,0,0,1012,1.2,-5.8,61,1027,Late
11/25/2023,UA,538,ORD,SYR,88,1,5,-1.9,203,2.6,7.2,0,0,0,1012,1.2,-5.8,61,1027,Early
11/26/2023,B6,116,JFK,SYR,91,3.6,8.3,-2.2,117,3.6,12,0,0,8.3,1000,1.8,-3.3,62,1015,Late
11/26/2023,UA,538,ORD,SYR,91,3.6,8.3,-2.2,117,3.6,12,0,0,8.3,1000,1.8,-3.3,62,1015,Late
11/27/2023,B6,116,JFK,SYR,98,3.6,6.7,0,227,5.8,13.4,2,0,1.3,991,2.2,-2.3,66,1006,Late
11/27/2023,UA,538,ORD,SYR,98,3.6,6.7,0,227,5.8,13.4,2,0,1.3,991,2.2,-2.3,66,1006,Early
11/28/2023,B6,116,JFK,SYR,74,-1.8,0.6,-3.9,248,7.9,20.3,99.3,27,5,995,1,-7.5,66,1010,Late
11/28/2023,UA,538,ORD,SYR,74,-1.8,0.6,-3.9,248,7.9,20.3,99.3,27,5,995,1,-7.5,66,1010,On Time
11/29/2023,B6,116,JFK,SYR,88,-1.5,1,-4.4,219,5.2,11.6,0,115,0,999,1,-9.1,57,1015,Early
11/29/2023,UA,538,ORD,SYR,88,-1.5,1,-4.4,219,5.2,11.6,0,115,0,999,1,-9.1,57,1015,Early
11/30/2023,B6,116,JFK,SYR,85,5.2,9.4,-1.1,193,4.9,13,0,98,0,998,2.7,-4.8,49,1014,Early
11/30/2023,UA,538,ORD,SYR,85,5.2,9.4,-1.1,193,4.9,13,0,98,0,998,2.7,-4.8,49,1014,Early
12/1/2023,B6,116,JFK,SYR,88,8.3,12.2,6.1,168,3.3,12.4,0,0,8,1000,0.7,1.1,63,1015,On Time
12/1/2023,UA,538,ORD,SYR,88,8.3,12.2,6.1,168,3.3,12.4,0,0,8,1000,0.7,1.1,63,1015,On Time
12/2/2023,B6,116,JFK,SYR,100,7,9.4,5,214,1.6,6.4,0,0,2,999,0.7,4.7,86,1014,Early
12/2/2023,UA,538,ORD,SYR,100,7,9.4,5,214,1.6,6.4,0,0,2,999,0.7,4.7,86,1014,Late
12/3/2023,B6,116,JFK,SYR,100,6.6,9.4,5,119,3.2,10.9,0,0,26.3,992,0.7,4.9,89,1007,Early
12/3/2023,UA,538,ORD,SYR,100,6.6,9.4,5,119,3.2,10.9,0,0,26.3,992,0.7,4.9,89,1007,Early
12/4/2023,B6,116,JFK,SYR,100,4.2,7.8,1.1,276,5.4,12.9,1.3,0,1.3,992,1.1,1,80,1007,Early
12/4/2023,UA,538,ORD,SYR,100,4.2,7.8,1.1,276,5.4,12.9,1.3,0,1.3,992,1.1,1,80,1007,Early
12/5/2023,B6,116,JFK,SYR,100,1,1.7,0.6,276,1.9,8,0,0,0,1001,0.7,-1.9,81,1016,Early
12/5/2023,UA,538,ORD,SYR,100,1,1.7,0.6,276,1.9,8,0,0,0,1001,0.7,-1.9,81,1016,On Time
12/6/2023,B6,116,JFK,SYR,98,-0.7,0.6,-2.8,280,3,9.2,9,0,0.8,1002,1,-4.3,77,1017,Early
12/7/2023,B6,116,JFK,SYR,99,-0.1,3.9,-3.9,144,2.2,6.4,44.8,3,2.5,999,0.7,-3.3,79,1014,Early
12/7/2023,UA,538,ORD,SYR,99,-0.1,3.9,-3.9,144,2.2,6.4,44.8,3,2.5,999,0.7,-3.3,79,1014,On Time
12/8/2023,B6,116,JFK,SYR,89,5.5,9.4,0.6,117,2.8,10,0,7,0,1001,1.4,0.1,69,1017,Early
12/8/2023,UA,538,ORD,SYR,89,5.5,9.4,0.6,117,2.8,10,0,7,0,1001,1.4,0.1,69,1017,Early
12/9/2023,B6,116,JFK,SYR,97,10.5,13.9,6.7,109,3.1,12,0,0,0,1001,1.3,1.5,54,1016,Early
12/9/2023,UA,538,ORD,SYR,97,10.5,13.9,6.7,109,3.1,12,0,0,0,1001,1.3,1.5,54,1016,Early
12/10/2023,B6,116,JFK,SYR,99,8.5,12.8,3.6,227,3,14,0,0,13.3,995,0.6,4.4,77,1009,Early
12/10/2023,UA,538,ORD,SYR,99,8.5,12.8,3.6,227,3,14,0,0,13.3,995,0.6,4.4,77,1009,Late
12/11/2023,B6,116,JFK,SYR,100,2,3.3,1.1,252,6,15.6,3,0,4.8,997,1.1,-2.5,73,1012,Early
12/11/2023,UA,538,ORD,SYR,100,2,3.3,1.1,252,6,15.6,3,0,4.8,997,1.1,-2.5,73,1012,Early
12/12/2023,B6,116,JFK,SYR,76,4.3,7.8,1.7,215,5.7,13.4,0,10,0,1007,2.1,-5.8,48,1022,Early
12/12/2023,UA,538,ORD,SYR,76,4.3,7.8,1.7,215,5.7,13.4,0,10,0,1007,2.1,-5.8,48,1022,Early
12/13/2023,B6,116,JFK,SYR,81,1.4,3.9,-0.6,261,6.8,14.7,18.8,0,1.3,1015,1.1,-6.4,57,1031,On Time
12/13/2023,UA,538,ORD,SYR,81,1.4,3.9,-0.6,261,6.8,14.7,18.8,0,1.3,1015,1.1,-6.4,57,1031,Early
12/14/2023,B6,116,JFK,SYR,73,1.8,5,-2.8,210,3.4,8.4,0,12,0,1018,1.9,-6.3,55,1033,Early
12/14/2023,UA,538,ORD,SYR,73,1.8,5,-2.8,210,3.4,8.4,0,12,0,1018,1.9,-6.3,55,1033,Early
12/15/2023,B6,116,JFK,SYR,38,7.8,13.3,4.4,250,5.4,12.3,0,6,0,1011,2.1,-1.7,51,1027,Early
12/15/2023,UA,538,ORD,SYR,38,7.8,13.3,4.4,250,5.4,12.3,0,6,0,1011,2.1,-1.7,51,1027,Early
12/16/2023,B6,116,JFK,SYR,84,6.8,10,4.2,146,2.5,11.2,0,0,0,1014,1.1,0.1,62,1030,Late
12/16/2023,UA,538,ORD,SYR,84,6.8,10,4.2,146,2.5,11.2,0,0,0,1014,1.1,0.1,62,1030,Early
12/17/2023,B6,116,JFK,SYR,99,7.4,9.4,3.9,75,4.3,14,0,0,7.3,1003,0.6,2.6,72,1018,Late
12/17/2023,UA,538,ORD,SYR,99,7.4,9.4,3.9,75,4.3,14,0,0,7.3,1003,0.6,2.6,72,1018,Early
12/18/2023,B6,116,JFK,SYR,96,6.8,8.9,4.4,225,5.2,13.2,0,0,40.3,979,0.6,3.8,81,993,Late
12/18/2023,UA,538,ORD,SYR,96,6.8,8.9,4.4,225,5.2,13.2,0,0,40.3,979,0.6,3.8,81,993,Early
12/19/2023,B6,116,JFK,SYR,97,-1,4.4,-2.8,258,6.1,13.5,58,17.5,4.8,1000,0.6,-4.7,76,1015,Late
12/19/2023,UA,538,ORD,SYR,97,-1,4.4,-2.8,258,6.1,13.5,58,17.5,4.8,1000,0.6,-4.7,76,1015,On Time
12/20/2023,B6,116,JFK,SYR,94,-0.1,2.2,-4.4,247,2.6,7.2,0,34,0,1014,0.9,-4.8,70,1029,Early
12/21/2023,B6,116,JFK,SYR,34,-2.9,1.1,-6.7,326,2.9,8,0,31,0,1018,2,-8,68,1033,On Time
12/22/2023,B6,116,JFK,SYR,75,-4,0,-8.3,88,2.3,6.8,0,28,0,1014,1.2,-8.9,70,1030,Late
12/23/2023,B6,116,JFK,SYR,100,0.7,3.3,-1.7,77,2.9,8.8,3.3,23,3.8,1012,0.6,-4.2,70,1027,On Time
12/24/2023,B6,116,JFK,SYR,100,2.8,3.9,2,73,1.5,8.4,0,22,5.5,1012,0.6,1.3,90,1027,Early
12/25/2023,B6,116,JFK,SYR,80,4.9,11.7,1.7,81,2.5,8,0,19,0,1012,1.4,2.6,86,1027,Early
12/26/2023,B6,116,JFK,SYR,89,4.2,7,0.6,73,2.3,8,0,0,0,1007,0.9,3,92,1022,Late
12/27/2023,B6,116,JFK,SYR,100,7,8.3,6,75,3.2,7.2,0,0,24.5,999,0.6,6.8,99,1014,Early
12/28/2023,B6,116,JFK,SYR,98,7.5,9.4,5.6,69,2.7,8,0,0,15.8,992,0.6,6.9,96,1006,Early
12/29/2023,B6,116,JFK,SYR,100,4.2,7.2,2,251,3.8,8.4,0,0,1.8,989,0.6,3.5,95,1004,Early
12/30/2023,B6,116,JFK,SYR,98,-0.3,1.7,-1.7,280,4.6,10.3,1,0,1,990,0.6,-1.3,93,1005,Early
9/5/2023,UA,538,ORD,SYR,49,25.7,31.7,20.6,281,2.4,6.4,0,0,0,1000,5.2,19.7,71,1014,Late
9/6/2023,UA,538,ORD,SYR,35,26.4,33.3,20,180,1.7,5.6,0,0,0,996,5.9,19.4,67,1011,Late
9/7/2023,UA,538,ORD,SYR,68,24.8,31.1,20.6,194,2.2,18,0,0,17.5,993,2.7,19.5,74,1008,On Time
9/8/2023,UA,538,ORD,SYR,92,22.2,26.1,19.5,234,2.9,9.2,0,0,0,998,4.4,17.8,77,1013,Late
9/9/2023,UA,538,ORD,SYR,87,20.1,22.2,17.2,191,2.1,5.6,0,0,5.3,1004,2.2,15.7,76,1019,Late
9/10/2023,UA,538,ORD,SYR,98,20.1,22.2,18.9,257,1.4,5.2,0,0,2.3,1003,2.1,17.3,84,1018,Late
9/11/2023,UA,538,ORD,SYR,86,19.1,21.1,16.3,283,2.3,7.2,0,0,0.8,1002,3.9,16,82,1017,Late
9/12/2023,UA,538,ORD,SYR,74,20.5,27.8,14.4,183,2,7.7,0,0,33.3,1000,5.9,15.1,74,1014,Early
9/13/2023,UA,538,ORD,SYR,87,19.3,23.3,15,262,3.6,9.6,0,0,1.8,999,5.1,14,72,1014,Late
9/14/2023,UA,538,ORD,SYR,71,15.7,20,12.2,255,3.7,11.2,0,0,0,1004,4.3,9.1,66,1019,Early
9/15/2023,UA,538,ORD,SYR,25,15.1,22.2,8.9,184,2.1,8.4,0,0,0,1006,6.5,8,65,1021,On Time
