Carrier Code,Date (MM/DD/YYYY),Flight Number,Tail Number,Origin Airport,Scheduled Arrival Time,Actual Arrival Time,Scheduled Elapsed Time (Minutes),Actual Elapsed Time (Minutes),Arrival Delay (Minutes),Wheels-on Time,Taxi-In time (Minutes),Delay Carrier (Minutes),Delay Weather (Minutes),Delay National Aviation System (Minutes),Delay Security (Minutes),Delay Late Aircraft Arrival (Minutes)
UA,1/1/2023,604,N814UA,DEN,14:58,14:52,193,177,-6,14:48,4,0,0,0,0,0
UA,1/1/2023,2488,N38458,EWR,23:14,23:15,75,62,1,23:10,5,0,0,0,0,0
UA,1/1/2023,2645,N23721,ORD,23:57,23:47,107,100,-10,23:41,6,0,0,0,0,0
UA,1/2/2023,604,N890UA,DEN,15:01,17:36,193,217,155,17:31,5,40,0,24,0,91
UA,1/2/2023,1968,N23708,IAD,23:12,23:39,72,73,27,23:35,4,0,0,1,0,26
UA,1/2/2023,1998,N802UA,ORD,21:07,20:46,113,89,-21,20:43,3,0,0,0,0,0
UA,1/3/2023,604,N813UA,DEN,14:58,14:52,193,181,-6,14:46,6,0,0,0,0,0
UA,1/3/2023,1998,N854UA,ORD,21:07,21:04,113,111,-3,20:58,6,0,0,0,0,0
UA,1/4/2023,604,N407UA,DEN,14:59,14:47,193,187,-12,14:43,4,0,0,0,0,0
UA,1/4/2023,1998,N893UA,ORD,21:17,21:31,113,110,14,21:26,5,0,0,0,0,0
UA,1/5/2023,604,N821UA,DEN,14:59,14:59,193,193,0,14:54,5,0,0,0,0,0
UA,1/5/2023,1998,N853UA,ORD,21:17,21:17,113,112,0,21:11,6,0,0,0,0,0
UA,1/6/2023,604,N855UA,DEN,14:59,14:51,193,191,-8,14:46,5,0,0,0,0,0
UA,1/6/2023,1998,N850UA,ORD,21:17,21:23,113,119,6,21:18,5,0,0,0,0,0
UA,1/7/2023,604,N847UA,DEN,14:59,14:53,193,193,-6,14:50,3,0,0,0,0,0
UA,1/7/2023,1998,N892UA,ORD,21:17,21:56,113,105,39,21:50,6,0,0,0,0,39
UA,1/8/2023,604,N813UA,DEN,15:02,15:17,193,199,15,15:11,6,9,0,6,0,0
UA,1/8/2023,1998,N414UA,ORD,21:17,21:05,113,105,-12,21:00,5,0,0,0,0,0
UA,1/9/2023,604,N809UA,DEN,14:59,14:49,193,193,-10,14:45,4,0,0,0,0,0
UA,1/9/2023,1998,N802UA,ORD,21:17,21:01,113,104,-16,20:57,4,0,0,0,0,0
UA,1/9/2023,2617,N895UA,EWR,23:12,0:04,74,71,52,23:59,5,52,0,0,0,0
UA,1/10/2023,604,N408UA,DEN,14:59,15:37,193,190,38,15:33,4,38,0,0,0,0
UA,1/10/2023,1036,N78285,ORD,21:38,21:24,113,107,-14,21:17,7,0,0,0,0,0
UA,1/10/2023,1998,N463UA,ORD,21:17,21:05,113,108,-12,21:00,5,0,0,0,0,0
UA,1/10/2023,2617,N846UA,EWR,23:12,22:49,74,63,-23,22:43,6,0,0,0,0,0
UA,1/11/2023,604,N809UA,DEN,14:59,15:34,193,206,35,15:29,5,12,0,13,0,10
UA,1/11/2023,1998,N872UA,ORD,21:17,21:05,113,91,-12,21:02,3,0,0,0,0,0
UA,1/11/2023,2617,N836UA,EWR,23:12,23:08,74,63,-4,23:04,4,0,0,0,0,0
UA,1/12/2023,604,N826UA,DEN,14:59,14:45,193,185,-14,14:42,3,0,0,0,0,0
UA,1/12/2023,1998,N873UA,ORD,21:17,21:10,113,107,-7,21:06,4,0,0,0,0,0
UA,1/12/2023,2617,N836UA,EWR,23:12,1:38,74,85,146,1:33,5,0,0,88,0,58
UA,1/13/2023,604,N823UA,DEN,14:59,15:09,193,207,10,15:04,5,0,0,0,0,0
UA,1/13/2023,1998,N455UA,ORD,21:17,21:19,113,118,2,21:12,7,0,0,0,0,0
UA,1/13/2023,2617,N810UA,EWR,23:12,23:33,74,54,21,23:28,5,3,0,0,0,18
UA,1/14/2023,604,N809UA,DEN,14:59,15:05,193,197,6,15:00,5,0,0,0,0,0
UA,1/14/2023,1998,N851UA,ORD,21:17,22:25,113,103,68,22:21,4,0,0,0,0,68
UA,1/14/2023,2617,N496UA,EWR,23:12,23:10,74,60,-2,23:04,6,0,0,0,0,0
UA,1/15/2023,604,N811UA,DEN,15:02,15:23,193,204,21,15:19,4,10,0,11,0,0
UA,1/15/2023,1998,N877UA,ORD,21:17,22:57,113,140,100,22:52,5,0,0,27,0,73
UA,1/15/2023,2617,N810UA,EWR,23:12,23:33,74,73,21,23:26,7,21,0,0,0,0
UA,1/16/2023,604,N897UA,DEN,14:59,14:49,193,189,-10,14:44,5,0,0,0,0,0
UA,1/16/2023,1998,N462UA,ORD,21:17,21:34,113,137,17,21:30,4,0,0,17,0,0
UA,1/16/2023,2617,N405UA,EWR,23:12,23:06,74,70,-6,23:01,5,0,0,0,0,0
UA,1/17/2023,604,N897UA,DEN,14:59,14:44,193,181,-15,14:39,5,0,0,0,0,0
UA,1/17/2023,1998,N820UA,ORD,21:17,21:22,113,112,5,21:18,4,0,0,0,0,0
UA,1/17/2023,2617,N880UA,EWR,23:12,23:03,74,66,-9,22:58,5,0,0,0,0,0
UA,1/18/2023,604,N843UA,DEN,14:59,15:47,193,227,48,15:42,5,0,0,34,0,14
UA,1/18/2023,1998,N810UA,ORD,21:17,21:09,113,108,-8,21:05,4,0,0,0,0,0
UA,1/18/2023,2617,N873UA,EWR,23:12,23:24,74,67,12,23:19,5,0,0,0,0,0
UA,1/19/2023,604,N893UA,DEN,14:59,14:54,193,184,-5,14:50,4,0,0,0,0,0
UA,1/19/2023,1998,N844UA,ORD,21:17,21:15,113,108,-2,21:09,6,0,0,0,0,0
UA,1/19/2023,2617,N826UA,EWR,23:12,0:11,74,65,59,0:05,6,21,0,0,0,38
UA,1/20/2023,604,N874UA,DEN,14:59,14:59,193,193,0,14:54,5,0,0,0,0,0
UA,1/20/2023,1998,N884UA,ORD,21:17,21:08,113,106,-9,21:02,6,0,0,0,0,0
UA,1/20/2023,2617,N891UA,EWR,23:12,22:58,74,64,-14,22:50,8,0,0,0,0,0
UA,1/21/2023,604,N4888U,DEN,14:59,15:07,193,190,8,15:04,3,0,0,0,0,0
UA,1/21/2023,1998,N846UA,ORD,21:17,21:09,113,107,-8,21:04,5,0,0,0,0,0
UA,1/21/2023,2617,N889UA,EWR,23:12,23:33,74,57,21,23:27,6,21,0,0,0,0
UA,1/22/2023,604,N872UA,DEN,15:02,16:03,193,189,61,15:58,5,11,0,0,0,50
UA,1/22/2023,1998,N835UA,ORD,21:17,21:01,113,99,-16,20:56,5,0,0,0,0,0
UA,1/22/2023,2617,N834UA,EWR,23:12,23:14,74,60,2,23:10,4,0,0,0,0,0
UA,1/23/2023,604,N825UA,DEN,14:59,15:12,193,201,13,15:06,6,0,0,0,0,0
UA,1/23/2023,1998,N873UA,ORD,21:17,21:14,113,101,-3,21:09,5,0,0,0,0,0
UA,1/23/2023,2617,N808UA,EWR,23:12,23:36,74,59,24,23:31,5,7,0,0,0,17
UA,1/24/2023,604,N821UA,DEN,14:59,14:57,193,187,-2,14:52,5,0,0,0,0,0
UA,1/24/2023,1998,N851UA,ORD,21:17,21:04,113,104,-13,21:00,4,0,0,0,0,0
UA,1/24/2023,2617,N819UA,EWR,23:12,23:08,74,58,-4,23:03,5,0,0,0,0,0
UA,1/25/2023,604,N821UA,DEN,14:59,15:24,193,221,25,15:20,4,0,0,25,0,0
UA,1/25/2023,1998,N802UA,ORD,21:17,21:29,113,126,12,21:25,4,0,0,0,0,0
UA,1/25/2023,2617,N66831,EWR,23:12,23:43,74,106,31,23:37,6,0,0,31,0,0
UA,1/26/2023,604,N418UA,DEN,14:59,15:51,193,200,52,15:46,5,45,0,7,0,0
UA,1/26/2023,1998,N811UA,ORD,21:17,21:33,113,114,16,21:26,7,15,0,1,0,0
UA,1/26/2023,2617,N38417,EWR,23:12,23:04,74,63,-8,22:57,7,0,0,0,0,0
UA,1/27/2023,604,N827UA,DEN,14:59,15:12,193,206,13,15:06,6,0,0,0,0,0
UA,1/27/2023,1998,N842UA,ORD,21:17,21:16,113,106,-1,21:10,6,0,0,0,0,0
UA,1/27/2023,2617,N454UA,EWR,23:12,23:06,74,63,-6,23:01,5,0,0,0,0,0
UA,1/28/2023,604,N833UA,DEN,14:59,14:49,193,181,-10,14:45,4,0,0,0,0,0
UA,1/28/2023,1998,N473UA,ORD,21:17,21:07,113,98,-10,21:01,6,0,0,0,0,0
UA,1/28/2023,2617,N824UA,EWR,23:12,23:13,74,58,1,23:08,5,0,0,0,0,0
UA,1/29/2023,604,,DEN,15:02,0:00,193,0,0,0:00,0,0,0,0,0,0
UA,1/29/2023,1998,N893UA,ORD,21:17,21:15,113,109,-2,21:11,4,0,0,0,0,0
UA,1/29/2023,2617,N38473,EWR,23:12,23:17,74,55,5,23:12,5,0,0,0,0,0
UA,1/30/2023,604,N882UA,DEN,14:59,14:35,193,172,-24,14:30,5,0,0,0,0,0
UA,1/30/2023,1998,N836UA,ORD,21:17,21:21,113,103,4,21:16,5,0,0,0,0,0
UA,1/30/2023,2617,N66831,EWR,23:12,23:15,74,74,3,23:11,4,0,0,0,0,0
UA,1/31/2023,604,N851UA,DEN,14:59,14:47,193,175,-12,14:40,7,0,0,0,0,0
UA,1/31/2023,1998,N808UA,ORD,21:17,20:52,113,97,-25,20:48,4,0,0,0,0,0
UA,1/31/2023,2617,N68807,EWR,23:12,22:59,74,66,-13,22:55,4,0,0,0,0,0
UA,2/1/2023,604,N855UA,DEN,14:59,15:02,193,193,3,14:57,5,0,0,0,0,0
UA,2/1/2023,1998,N876UA,ORD,21:17,21:09,113,103,-8,21:04,5,0,0,0,0,0
UA,2/1/2023,2617,N68822,EWR,23:12,22:56,74,62,-16,22:44,12,0,0,0,0,0
UA,2/2/2023,604,N817UA,DEN,14:59,14:45,193,185,-14,14:39,6,0,0,0,0,0
UA,2/2/2023,1998,N895UA,ORD,21:17,21:09,113,114,-8,21:04,5,0,0,0,0,0
UA,2/2/2023,2617,N36476,EWR,23:12,23:05,74,67,-7,22:58,7,0,0,0,0,0
UA,2/3/2023,604,N840UA,DEN,14:59,15:03,193,198,4,14:53,10,0,0,0,0,0
UA,2/3/2023,1998,N899UA,ORD,21:17,21:51,113,111,34,21:44,7,0,34,0,0,0
UA,2/3/2023,2617,N37474,EWR,23:12,0:31,74,78,79,0:21,10,53,0,4,0,22
UA,2/4/2023,604,N811UA,DEN,14:59,14:57,193,187,-2,14:51,6,0,0,0,0,0
UA,2/4/2023,1998,N820UA,ORD,21:17,20:59,113,102,-18,20:52,7,0,0,0,0,0
UA,2/5/2023,604,N830UA,DEN,15:02,14:52,193,187,-10,14:46,6,0,0,0,0,0
UA,2/5/2023,1998,N877UA,ORD,21:17,21:04,113,95,-13,21:00,4,0,0,0,0,0
UA,2/6/2023,604,N847UA,DEN,14:59,14:44,193,186,-15,14:38,6,0,0,0,0,0
UA,2/6/2023,1998,N875UA,ORD,21:17,21:08,113,116,-9,21:03,5,0,0,0,0,0
UA,2/7/2023,604,N832UA,DEN,14:59,14:56,193,182,-3,14:52,4,0,0,0,0,0
UA,2/7/2023,1998,N803UA,ORD,21:17,20:59,113,101,-18,20:53,6,0,0,0,0,0
UA,2/8/2023,604,N817UA,DEN,14:59,14:43,193,181,-16,14:39,4,0,0,0,0,0
UA,2/8/2023,1998,N846UA,ORD,21:17,21:05,113,115,-12,21:00,5,0,0,0,0,0
UA,2/9/2023,604,N826UA,DEN,14:59,14:52,193,186,-7,14:45,7,0,0,0,0,0
UA,2/9/2023,1998,N828UA,ORD,21:17,21:23,113,111,6,21:18,5,0,0,0,0,0
UA,2/9/2023,2617,N78438,EWR,23:12,22:50,74,60,-22,22:45,5,0,0,0,0,0
UA,2/10/2023,604,N4888U,DEN,14:58,14:58,196,197,0,14:53,5,0,0,0,0,0
UA,2/10/2023,765,N27256,EWR,23:28,23:30,73,59,2,23:24,6,0,0,0,0,0
UA,2/10/2023,1693,N895UA,ORD,16:43,16:40,106,107,-3,16:34,6,0,0,0,0,0
UA,2/10/2023,1998,N896UA,ORD,21:08,21:01,109,107,-7,20:56,5,0,0,0,0,0
UA,2/11/2023,454,N15712,ORD,23:59,23:57,114,113,-2,23:40,17,0,0,0,0,0
UA,2/11/2023,604,N805UA,DEN,14:58,14:52,196,195,-6,14:47,5,0,0,0,0,0
UA,2/11/2023,765,N87512,EWR,23:37,23:40,73,56,3,23:35,5,0,0,0,0,0
UA,2/11/2023,1693,N407UA,ORD,16:43,16:44,106,102,1,16:39,5,0,0,0,0,0
UA,2/12/2023,604,N4888U,DEN,14:58,15:02,196,197,4,14:52,10,0,0,0,0,0
UA,2/12/2023,765,N820UA,EWR,23:12,22:52,73,62,-20,22:46,6,0,0,0,0,0
UA,2/12/2023,1693,N854UA,ORD,16:43,16:24,106,96,-19,16:19,5,0,0,0,0,0
UA,2/12/2023,1998,N429UA,ORD,21:08,20:47,109,94,-21,20:42,5,0,0,0,0,0
UA,2/13/2023,604,N880UA,DEN,14:58,14:49,196,191,-9,14:37,12,0,0,0,0,0
UA,2/13/2023,765,N889UA,EWR,23:12,23:04,73,73,-8,22:59,5,0,0,0,0,0
UA,2/13/2023,1998,N820UA,ORD,21:08,21:15,109,118,7,21:09,6,0,0,0,0,0
UA,2/14/2023,604,N848UA,DEN,14:58,15:34,196,190,36,15:30,4,36,0,0,0,0
UA,2/14/2023,765,N805UA,EWR,23:12,22:55,73,63,-17,22:49,6,0,0,0,0,0
UA,2/14/2023,1693,N836UA,ORD,16:43,17:14,106,117,31,17:08,6,20,0,11,0,0
UA,2/14/2023,1998,N889UA,ORD,21:08,21:53,109,159,45,21:48,5,0,0,45,0,0
UA,2/15/2023,604,N840UA,DEN,14:58,15:42,196,204,44,15:37,5,36,0,8,0,0
UA,2/15/2023,765,N853UA,EWR,23:12,23:32,73,70,20,23:25,7,20,0,0,0,0
UA,2/15/2023,1693,N806UA,ORD,16:43,16:37,106,102,-6,16:22,15,0,0,0,0,0
UA,2/15/2023,1998,N834UA,ORD,21:08,21:06,109,91,-2,21:03,3,0,0,0,0,0
UA,2/16/2023,604,N840UA,DEN,14:58,15:30,196,206,32,15:24,6,0,0,10,0,22
UA,2/16/2023,765,N826UA,EWR,23:12,23:47,73,62,35,23:40,7,35,0,0,0,0
UA,2/16/2023,1693,N497UA,ORD,16:43,17:27,106,112,44,17:22,5,0,38,6,0,0
UA,2/16/2023,1998,N834UA,ORD,21:08,21:24,109,89,16,21:18,6,16,0,0,0,0
UA,2/17/2023,604,N849UA,DEN,14:58,15:19,196,227,21,14:36,43,0,0,21,0,0
UA,2/17/2023,765,N33286,EWR,23:28,23:30,73,76,2,23:20,10,0,0,0,0,0
UA,2/17/2023,1693,N871UA,ORD,16:43,16:35,106,102,-8,16:28,7,0,0,0,0,0
UA,2/17/2023,1998,N405UA,ORD,21:08,21:13,109,114,5,21:07,6,0,0,0,0,0
UA,2/18/2023,454,N14735,ORD,23:59,23:48,114,92,-11,23:41,7,0,0,0,0,0
UA,2/18/2023,604,N818UA,DEN,14:58,14:42,196,181,-16,14:36,6,0,0,0,0,0
UA,2/18/2023,765,N27253,EWR,23:37,0:34,73,61,57,0:27,7,42,0,0,0,15
UA,2/18/2023,1693,N444UA,ORD,16:43,16:35,106,103,-8,16:29,6,0,0,0,0,0
UA,2/19/2023,604,N818UA,DEN,14:58,14:50,196,191,-8,14:19,31,0,0,0,0,0
UA,2/19/2023,765,N815UA,EWR,23:12,22:59,73,66,-13,22:53,6,0,0,0,0,0
UA,2/19/2023,1693,N880UA,ORD,16:43,16:29,106,92,-14,16:25,4,0,0,0,0,0
UA,2/19/2023,1998,N873UA,ORD,21:08,20:53,109,95,-15,20:50,3,0,0,0,0,0
UA,2/20/2023,604,N893UA,DEN,14:58,14:48,196,189,-10,14:43,5,0,0,0,0,0
UA,2/20/2023,765,N876UA,EWR,23:12,23:03,73,69,-9,22:58,5,0,0,0,0,0
UA,2/20/2023,1693,N877UA,ORD,16:43,16:38,106,102,-5,16:33,5,0,0,0,0,0
UA,2/20/2023,1998,N815UA,ORD,21:08,20:52,109,98,-16,20:45,7,0,0,0,0,0
UA,2/21/2023,604,N804UA,DEN,14:58,15:59,196,184,61,15:54,5,61,0,0,0,0
UA,2/21/2023,765,N838UA,EWR,23:12,23:51,73,68,39,23:46,5,2,0,0,0,37
UA,2/21/2023,1693,N882UA,ORD,16:43,16:34,106,101,-9,16:23,11,0,0,0,0,0
UA,2/21/2023,1998,N880UA,ORD,21:08,21:17,109,97,9,21:12,5,0,0,0,0,0
UA,2/22/2023,604,N851UA,DEN,14:58,14:53,196,191,-5,14:48,5,0,0,0,0,0
UA,2/22/2023,765,N872UA,EWR,23:12,23:25,73,87,13,23:02,23,0,0,0,0,0
UA,2/22/2023,1693,N823UA,ORD,16:43,18:03,106,100,80,17:58,5,75,0,0,0,5
UA,2/22/2023,1998,N882UA,ORD,21:08,23:03,109,109,115,22:57,6,25,0,0,0,90
UA,2/23/2023,604,N4888U,DEN,14:58,14:56,196,179,-2,14:43,13,0,0,0,0,0
UA,2/23/2023,765,N849UA,EWR,23:12,23:43,73,74,31,23:35,8,2,0,1,0,28
UA,2/23/2023,1693,N884UA,ORD,16:43,16:27,106,90,-16,16:20,7,0,0,0,0,0
UA,2/23/2023,1998,N890UA,ORD,21:08,20:55,109,101,-13,20:51,4,0,0,0,0,0
UA,2/24/2023,604,N816UA,DEN,14:58,14:40,196,178,-18,14:24,16,0,0,0,0,0
UA,2/24/2023,765,N34222,EWR,23:28,23:28,73,80,0,23:11,17,0,0,0,0,0
UA,2/24/2023,1693,N837UA,ORD,16:43,17:44,106,122,61,17:08,36,0,0,16,0,45
UA,2/24/2023,1998,N846UA,ORD,21:08,21:21,109,113,13,21:13,8,0,0,0,0,0
UA,2/25/2023,454,N24211,ORD,0:09,23:49,114,88,-20,23:43,6,0,0,0,0,0
UA,2/25/2023,604,N843UA,DEN,14:58,15:59,196,202,61,15:12,47,55,0,6,0,0
UA,2/25/2023,765,N78540,EWR,23:37,0:22,73,66,45,0:14,8,45,0,0,0,0
UA,2/25/2023,1693,N486UA,ORD,16:43,18:00,106,182,77,16:48,72,0,0,77,0,0
UA,2/26/2023,604,N882UA,DEN,14:58,14:46,196,185,-12,14:32,14,0,0,0,0,0
UA,2/26/2023,765,N845UA,EWR,23:12,23:45,73,65,33,23:40,5,33,0,0,0,0
UA,2/26/2023,1693,N881UA,ORD,16:43,16:30,106,98,-13,16:26,4,0,0,0,0,0
UA,2/26/2023,1998,N829UA,ORD,21:08,21:03,109,111,-5,20:57,6,0,0,0,0,0
UA,2/27/2023,604,N840UA,DEN,14:58,14:48,196,182,-10,14:42,6,0,0,0,0,0
UA,2/27/2023,765,N491UA,EWR,23:12,0:02,73,109,50,23:56,6,6,0,36,0,8
UA,2/27/2023,1693,N851UA,ORD,16:43,16:54,106,94,11,16:50,4,0,0,0,0,0
UA,2/27/2023,1998,N418UA,ORD,21:08,20:59,109,104,-9,20:54,5,0,0,0,0,0
UA,2/28/2023,604,N852UA,DEN,14:58,14:45,196,182,-13,14:40,5,0,0,0,0,0
UA,2/28/2023,765,N423UA,EWR,23:12,23:22,73,58,10,23:17,5,0,0,0,0,0
UA,2/28/2023,1693,N37263,ORD,16:43,16:44,106,94,1,16:39,5,0,0,0,0,0
UA,2/28/2023,1998,N853UA,ORD,21:08,20:52,109,97,-16,20:47,5,0,0,0,0,0
UA,3/1/2023,604,N818UA,DEN,14:58,14:57,196,176,-1,14:51,6,0,0,0,0,0
UA,3/1/2023,765,N824UA,EWR,23:12,23:08,73,75,-4,23:03,5,0,0,0,0,0
UA,3/1/2023,1693,N446UA,ORD,16:43,16:37,106,91,-6,16:32,5,0,0,0,0,0
UA,3/1/2023,1998,N815UA,ORD,21:08,20:44,109,89,-24,20:40,4,0,0,0,0,0
UA,3/2/2023,604,N852UA,DEN,14:58,15:09,196,203,11,14:50,19,0,0,0,0,0
UA,3/2/2023,765,N876UA,EWR,23:12,23:20,73,89,8,23:12,8,0,0,0,0,0
UA,3/2/2023,1693,N409UA,ORD,16:43,16:43,106,93,0,16:37,6,0,0,0,0,0
UA,3/2/2023,1998,N840UA,ORD,21:08,20:52,109,96,-16,20:43,9,0,0,0,0,0
UA,3/3/2023,538,,ORD,21:16,0:00,107,0,0,0:00,0,0,0,0,0,0
UA,3/3/2023,604,N818UA,DEN,14:59,14:50,196,193,-9,14:39,11,0,0,0,0,0
UA,3/3/2023,776,,EWR,23:11,0:00,71,0,0,0:00,0,0,0,0,0,0
UA,3/4/2023,408,N895UA,ORD,23:55,23:54,110,100,-1,23:47,7,0,0,0,0,0
UA,3/4/2023,604,,DEN,14:56,0:00,196,0,0,0:00,0,0,0,0,0,0
UA,3/4/2023,776,N24729,EWR,23:11,23:07,71,69,-4,23:03,4,0,0,0,0,0
UA,3/5/2023,408,N481UA,ORD,23:55,23:36,110,95,-19,23:31,5,0,0,0,0,0
UA,3/5/2023,604,N884UA,DEN,14:59,15:01,196,194,2,14:37,24,0,0,0,0,0
UA,3/5/2023,776,N87527,EWR,23:11,23:55,71,61,44,23:44,11,11,0,0,0,33
UA,3/6/2023,538,N802UA,ORD,21:17,20:52,108,88,-25,20:48,4,0,0,0,0,0
UA,3/6/2023,604,N890UA,DEN,14:59,14:49,196,178,-10,14:39,10,0,0,0,0,0
UA,3/6/2023,776,N826UA,EWR,23:11,23:05,71,70,-6,23:01,4,0,0,0,0,0
UA,3/7/2023,538,N878UA,ORD,21:17,21:01,108,100,-16,20:58,3,0,0,0,0,0
UA,3/7/2023,604,N812UA,DEN,14:59,14:51,196,190,-8,14:34,17,0,0,0,0,0
UA,3/7/2023,776,N837UA,EWR,23:11,0:33,71,55,82,0:28,5,16,0,0,0,66
UA,3/8/2023,538,N896UA,ORD,21:17,21:27,108,113,10,21:21,6,0,0,0,0,0
UA,3/8/2023,604,N875UA,DEN,14:59,14:56,196,196,-3,14:48,8,0,0,0,0,0
UA,3/8/2023,776,N854UA,EWR,23:11,23:44,71,60,33,23:38,6,33,0,0,0,0
UA,3/9/2023,538,N893UA,ORD,21:17,21:23,108,117,6,21:17,6,0,0,0,0,0
UA,3/9/2023,604,N429UA,DEN,14:59,15:24,196,188,25,15:19,5,11,0,0,0,14
UA,3/9/2023,776,N874UA,EWR,23:11,0:08,71,54,57,0:04,4,0,0,0,0,57
UA,3/10/2023,538,N16701,ORD,21:16,21:54,107,93,38,21:48,6,1,0,0,0,37
UA,3/10/2023,604,N828UA,DEN,14:59,14:56,196,191,-3,14:46,10,0,0,0,0,0
UA,3/10/2023,776,N37267,EWR,23:11,0:49,71,56,98,0:43,6,24,0,0,0,74
UA,3/11/2023,408,N36476,ORD,23:54,23:45,109,102,-9,23:40,5,0,0,0,0,0
UA,3/11/2023,604,N421UA,DEN,14:56,14:53,196,190,-3,14:47,6,0,0,0,0,0
UA,3/11/2023,776,N15712,EWR,23:10,1:29,71,60,139,1:24,5,47,0,0,0,92
UA,3/12/2023,408,N476UA,ORD,23:55,23:57,110,102,2,23:53,4,0,0,0,0,0
UA,3/12/2023,604,N844UA,DEN,14:59,14:51,196,186,-8,14:43,8,0,0,0,0,0
UA,3/12/2023,776,N839UA,EWR,23:11,23:21,71,61,10,23:17,4,0,0,0,0,0
UA,3/13/2023,538,N845UA,ORD,21:17,21:17,108,102,0,21:13,4,0,0,0,0,0
UA,3/13/2023,604,N481UA,DEN,14:59,14:55,196,199,-4,14:38,17,0,0,0,0,0
UA,3/13/2023,776,N414UA,EWR,23:11,4:54,71,49,343,4:49,5,206,0,0,0,137
UA,3/14/2023,538,,ORD,21:17,0:00,108,0,0,0:00,0,0,0,0,0,0
UA,3/14/2023,604,,DEN,14:59,0:00,196,0,0,0:00,0,0,0,0,0,0
UA,3/14/2023,776,,EWR,23:11,0:00,71,0,0,0:00,0,0,0,0,0,0
UA,3/15/2023,538,N809UA,ORD,21:17,22:19,108,103,62,22:14,5,0,0,0,0,62
UA,3/15/2023,604,N806UA,DEN,14:59,15:02,196,200,3,14:53,9,0,0,0,0,0
UA,3/15/2023,776,N476UA,EWR,23:11,0:46,71,68,95,0:39,7,52,0,0,0,43
UA,3/16/2023,538,N832UA,ORD,21:17,21:06,108,111,-11,21:01,5,0,0,0,0,0
UA,3/16/2023,604,N825UA,DEN,14:59,14:50,196,189,-9,14:44,6,0,0,0,0,0
UA,3/16/2023,776,N883UA,EWR,23:11,23:07,71,72,-4,22:58,9,0,0,0,0,0
UA,3/17/2023,538,N37470,ORD,21:16,21:21,107,99,5,21:15,6,0,0,0,0,0
UA,3/17/2023,604,N814UA,DEN,14:59,15:13,196,196,14,15:06,7,0,0,0,0,0
UA,3/17/2023,776,N26226,EWR,23:11,23:18,71,71,7,23:10,8,0,0,0,0,0
UA,3/18/2023,408,N460UA,ORD,23:55,0:10,110,105,15,0:01,9,6,0,0,0,9
UA,3/18/2023,604,N479UA,DEN,14:56,15:21,196,189,25,15:16,5,25,0,0,0,0
UA,3/18/2023,776,N47284,EWR,23:11,23:04,71,64,-7,23:00,4,0,0,0,0,0
UA,3/19/2023,408,N460UA,ORD,23:55,23:40,110,102,-15,23:33,7,0,0,0,0,0
UA,3/19/2023,604,N803UA,DEN,14:59,15:02,196,200,3,14:53,9,0,0,0,0,0
UA,3/19/2023,776,N895UA,EWR,23:48,0:38,71,81,50,0:32,6,27,0,10,0,13
UA,3/20/2023,538,N849UA,ORD,21:17,21:10,108,101,-7,21:06,4,0,0,0,0,0
UA,3/20/2023,604,N474UA,DEN,14:59,14:59,196,201,0,14:46,13,0,0,0,0,0
UA,3/20/2023,776,N484UA,EWR,23:11,23:46,71,72,35,23:41,5,34,0,1,0,0
UA,3/21/2023,538,N808UA,ORD,21:17,21:16,108,108,-1,21:11,5,0,0,0,0,0
UA,3/21/2023,604,N842UA,DEN,14:59,15:01,196,195,2,14:56,5,0,0,0,0,0
UA,3/21/2023,776,N819UA,EWR,23:11,23:06,71,68,-5,23:02,4,0,0,0,0,0
UA,3/22/2023,538,N819UA,ORD,21:17,21:17,108,97,0,21:12,5,0,0,0,0,0
UA,3/22/2023,604,N855UA,DEN,14:59,14:53,196,196,-6,14:26,27,0,0,0,0,0
UA,3/22/2023,776,N893UA,EWR,23:11,23:04,71,69,-7,22:56,8,0,0,0,0,0
UA,3/23/2023,538,N817UA,ORD,21:17,20:58,108,98,-19,20:53,5,0,0,0,0,0
UA,3/23/2023,604,N816UA,DEN,14:59,14:55,196,188,-4,14:35,20,0,0,0,0,0
UA,3/23/2023,776,N897UA,EWR,23:11,23:13,71,79,2,23:04,9,0,0,0,0,0
UA,3/24/2023,538,N17719,ORD,21:16,21:06,107,103,-10,21:01,5,0,0,0,0,0
UA,3/24/2023,604,N873UA,DEN,14:59,14:52,196,185,-7,14:42,10,0,0,0,0,0
UA,3/24/2023,776,N16234,EWR,23:11,23:00,71,64,-11,22:53,7,0,0,0,0,0
UA,3/25/2023,408,N39475,ORD,23:54,0:54,109,100,60,0:48,6,45,0,0,0,15
UA,3/25/2023,604,N489UA,DEN,14:56,15:54,196,188,58,15:49,5,58,0,0,0,0
UA,3/25/2023,776,N33714,EWR,23:11,23:10,71,71,-1,23:02,8,0,0,0,0,0
UA,3/26/2023,538,N855UA,ORD,21:34,21:21,114,101,-13,21:17,4,0,0,0,0,0
UA,3/26/2023,604,N840UA,DEN,15:12,15:12,201,180,0,15:07,5,0,0,0,0,0
UA,3/26/2023,1412,N13720,EWR,23:10,23:24,72,65,14,23:19,5,0,0,0,0,0
UA,3/27/2023,538,N802UA,ORD,21:34,21:19,114,103,-15,21:16,3,0,0,0,0,0
UA,3/27/2023,604,N893UA,DEN,15:12,15:18,201,200,6,15:12,6,0,0,0,0,0
UA,3/27/2023,1412,N13720,EWR,23:10,0:03,72,62,53,23:59,4,18,0,0,0,35
UA,3/28/2023,538,N443UA,ORD,21:34,21:15,114,99,-19,21:11,4,0,0,0,0,0
UA,3/28/2023,604,N829UA,DEN,15:12,15:17,201,193,5,15:12,5,0,0,0,0,0
UA,3/28/2023,1412,N24729,EWR,23:10,23:13,72,71,3,23:10,3,0,0,0,0,0
UA,3/29/2023,538,N836UA,ORD,21:34,21:48,114,98,14,21:41,7,0,0,0,0,0
UA,3/29/2023,604,N436UA,DEN,15:12,15:03,201,189,-9,14:50,13,0,0,0,0,0
UA,3/29/2023,1412,N27734,EWR,23:10,23:17,72,81,7,23:09,8,0,0,0,0,0
UA,3/30/2023,538,N882UA,ORD,21:34,21:11,114,95,-23,21:06,5,0,0,0,0,0
UA,3/30/2023,604,N810UA,DEN,15:12,14:48,201,180,-24,14:42,6,0,0,0,0,0
UA,3/30/2023,1412,N23707,EWR,23:10,23:16,72,71,6,23:11,5,0,0,0,0,0
UA,3/31/2023,538,N27239,ORD,21:34,3:55,114,96,381,3:50,5,59,0,0,0,322
UA,3/31/2023,604,N823UA,DEN,15:12,15:19,201,190,7,15:15,4,0,0,0,0,0
UA,3/31/2023,1412,N54711,EWR,23:42,23:30,72,60,-12,23:24,6,0,0,0,0,0
UA,4/1/2023,538,N805UA,ORD,21:34,21:35,114,102,1,21:29,6,0,0,0,0,0
UA,4/1/2023,604,N875UA,DEN,15:12,15:04,201,193,-8,15:00,4,0,0,0,0,0
UA,4/1/2023,1412,N37531,EWR,23:17,1:11,72,70,114,1:05,6,0,0,0,0,114
UA,4/2/2023,538,N819UA,ORD,21:34,21:37,114,89,3,21:33,4,0,0,0,0,0
UA,4/2/2023,604,N486UA,DEN,15:12,14:54,201,185,-18,14:49,5,0,0,0,0,0
UA,4/2/2023,1412,N17719,EWR,23:42,1:13,72,59,91,1:08,5,81,0,0,0,10
UA,4/3/2023,538,N881UA,ORD,21:34,21:32,114,119,-2,21:26,6,0,0,0,0,0
UA,4/3/2023,604,N822UA,DEN,15:12,15:07,201,179,-5,15:01,6,0,0,0,0,0
UA,4/3/2023,1412,N24736,EWR,23:42,23:18,72,52,-24,23:13,5,0,0,0,0,0
UA,4/4/2023,538,N827UA,ORD,21:34,21:42,114,106,8,21:37,5,0,0,0,0,0
UA,4/4/2023,604,N810UA,DEN,15:12,15:57,201,216,45,15:52,5,15,0,15,0,15
UA,4/4/2023,1412,N39728,EWR,23:42,0:31,72,63,49,0:26,5,39,0,0,0,10
UA,4/5/2023,538,N817UA,ORD,21:34,1:21,114,88,227,1:17,4,0,0,0,0,227
UA,4/5/2023,604,N889UA,DEN,15:12,14:46,201,181,-26,14:40,6,0,0,0,0,0
UA,4/5/2023,1412,N13718,EWR,23:42,0:32,72,99,50,0:26,6,23,0,27,0,0
UA,4/6/2023,538,N899UA,ORD,21:34,21:24,114,103,-10,21:18,6,0,0,0,0,0
UA,4/6/2023,604,N853UA,DEN,15:12,15:40,201,168,28,15:36,4,28,0,0,0,0
UA,4/6/2023,1412,N17753,EWR,23:42,23:34,72,60,-8,23:27,7,0,0,0,0,0
UA,4/7/2023,538,N24212,ORD,21:34,21:28,114,105,-6,21:21,7,0,0,0,0,0
UA,4/7/2023,604,N855UA,DEN,15:12,14:53,201,179,-19,14:47,6,0,0,0,0,0
UA,4/7/2023,1412,N27733,EWR,23:42,23:54,72,71,12,23:46,8,0,0,0,0,0
UA,4/8/2023,538,N820UA,ORD,21:34,21:19,114,106,-15,21:14,5,0,0,0,0,0
UA,4/8/2023,604,N840UA,DEN,15:12,14:54,201,188,-18,14:48,6,0,0,0,0,0
UA,4/8/2023,1412,N27515,EWR,23:17,23:14,72,65,-3,23:09,5,0,0,0,0,0
UA,4/9/2023,538,N808UA,ORD,21:34,21:28,114,112,-6,21:23,5,0,0,0,0,0
UA,4/9/2023,604,N817UA,DEN,15:12,15:33,201,197,21,15:29,4,21,0,0,0,0
UA,4/9/2023,1412,N13716,EWR,23:42,23:42,72,57,0,23:37,5,0,0,0,0,0
UA,4/10/2023,538,N851UA,ORD,21:34,21:23,114,106,-11,21:18,5,0,0,0,0,0
UA,4/10/2023,604,N840UA,DEN,15:12,15:33,201,225,21,15:26,7,0,0,21,0,0
UA,4/10/2023,1412,N16713,EWR,23:42,23:31,72,60,-11,23:27,4,0,0,0,0,0
UA,4/11/2023,538,N818UA,ORD,21:34,21:26,114,109,-8,21:22,4,0,0,0,0,0
UA,4/11/2023,604,N831UA,DEN,15:12,15:19,201,208,7,15:14,5,0,0,0,0,0
UA,4/11/2023,1412,N12754,EWR,23:42,23:24,72,64,-18,23:19,5,0,0,0,0,0
UA,4/12/2023,538,N418UA,ORD,21:34,21:24,114,106,-10,21:19,5,0,0,0,0,0
UA,4/12/2023,604,N466UA,DEN,15:12,15:46,201,238,34,15:41,5,0,0,34,0,0
UA,4/12/2023,1412,N14731,EWR,23:42,23:24,72,62,-18,23:20,4,0,0,0,0,0
UA,4/13/2023,538,N458UA,ORD,21:34,21:26,114,104,-8,21:21,5,0,0,0,0,0
UA,4/13/2023,604,N412UA,DEN,15:12,15:15,201,201,3,15:10,5,0,0,0,0,0
UA,4/13/2023,1412,N29717,EWR,23:42,23:26,72,57,-16,23:22,4,0,0,0,0,0
UA,4/14/2023,538,N24211,ORD,21:34,21:17,114,101,-17,21:13,4,0,0,0,0,0
UA,4/14/2023,604,N851UA,DEN,15:12,15:05,201,197,-7,15:00,5,0,0,0,0,0
UA,4/14/2023,1412,N54711,EWR,23:42,23:52,72,77,10,23:49,3,0,0,0,0,0
UA,4/15/2023,538,N482UA,ORD,21:34,23:39,114,103,125,23:34,5,12,0,0,0,113
UA,4/15/2023,604,N812UA,DEN,15:12,16:18,201,194,66,16:13,5,0,0,0,0,66
UA,4/15/2023,1412,N37502,EWR,23:17,18:55,72,93,1178,18:48,7,0,1157,21,0,0
UA,4/16/2023,538,N893UA,ORD,21:34,21:27,114,104,-7,21:22,5,0,0,0,0,0
UA,4/16/2023,604,N428UA,DEN,15:12,15:06,201,197,-6,15:01,5,0,0,0,0,0
UA,4/16/2023,1412,N24702,EWR,23:42,2:10,72,66,148,2:07,3,90,0,0,0,58
UA,4/17/2023,538,N875UA,ORD,21:34,21:17,114,99,-17,21:12,5,0,0,0,0,0
UA,4/17/2023,604,N873UA,DEN,15:12,15:11,201,187,-1,15:07,4,0,0,0,0,0
UA,4/17/2023,1412,N21723,EWR,23:42,0:10,72,59,28,0:04,6,28,0,0,0,0
UA,4/18/2023,538,N825UA,ORD,21:34,22:15,114,103,41,22:11,4,1,0,0,0,40
UA,4/18/2023,604,N851UA,DEN,15:12,15:00,201,196,-12,14:55,5,0,0,0,0,0
UA,4/18/2023,1412,N24729,EWR,23:42,1:29,72,48,107,1:25,4,0,0,77,0,30
UA,4/19/2023,538,N833UA,ORD,21:34,21:23,114,105,-11,21:19,4,0,0,0,0,0
UA,4/19/2023,604,N851UA,DEN,15:12,15:11,201,197,-1,15:07,4,0,0,0,0,0
UA,4/19/2023,1412,N15751,EWR,23:42,23:26,72,58,-16,23:19,7,0,0,0,0,0
UA,4/20/2023,538,N453UA,ORD,21:34,23:50,114,132,136,23:38,12,0,0,18,0,118
UA,4/20/2023,604,N819UA,DEN,15:12,15:12,201,201,0,15:08,4,0,0,0,0,0
UA,4/20/2023,1412,N39728,EWR,23:42,23:36,72,62,-6,23:31,5,0,0,0,0,0
UA,4/21/2023,538,N33203,ORD,21:34,21:20,114,109,-14,21:15,5,0,0,0,0,0
UA,4/21/2023,604,N831UA,DEN,15:12,14:53,201,183,-19,14:44,9,0,0,0,0,0
UA,4/21/2023,1412,N29717,EWR,23:42,0:09,72,55,27,0:03,6,11,0,0,0,16
UA,4/22/2023,538,N458UA,ORD,21:34,21:28,114,108,-6,21:16,12,0,0,0,0,0
UA,4/22/2023,604,N818UA,DEN,15:12,15:36,201,219,24,15:31,5,0,0,18,0,6
UA,4/22/2023,1412,N27515,EWR,23:17,14:35,72,72,918,14:30,5,722,0,0,0,196
UA,4/23/2023,538,N897UA,ORD,21:34,22:43,114,105,69,22:37,6,69,0,0,0,0
UA,4/23/2023,604,N824UA,DEN,15:12,15:03,201,199,-9,14:58,5,0,0,0,0,0
UA,4/23/2023,1412,N23707,EWR,23:42,23:49,72,63,7,23:46,3,0,0,0,0,0
UA,4/24/2023,538,N827UA,ORD,21:34,21:15,114,96,-19,21:11,4,0,0,0,0,0
UA,4/24/2023,604,N824UA,DEN,15:12,15:02,201,193,-10,14:58,4,0,0,0,0,0
UA,4/24/2023,1412,N17719,EWR,23:42,23:27,72,62,-15,23:22,5,0,0,0,0,0
UA,4/25/2023,538,N897UA,ORD,21:34,21:15,114,97,-19,21:11,4,0,0,0,0,0
UA,4/25/2023,604,N828UA,DEN,15:12,15:27,201,195,15,15:22,5,4,0,0,0,11
UA,4/25/2023,1412,N16709,EWR,23:42,23:24,72,59,-18,23:19,5,0,0,0,0,0
UA,4/26/2023,538,N808UA,ORD,21:34,23:20,114,126,106,23:16,4,0,0,12,0,94
UA,4/26/2023,604,N812UA,DEN,15:12,15:01,201,195,-11,14:55,6,0,0,0,0,0
UA,4/26/2023,1412,N24706,EWR,23:42,23:30,72,63,-12,23:24,6,0,0,0,0,0
UA,4/27/2023,538,N440UA,ORD,21:34,21:12,114,97,-22,21:05,7,0,0,0,0,0
UA,4/27/2023,604,N829UA,DEN,15:12,14:56,201,193,-16,14:52,4,0,0,0,0,0
UA,4/27/2023,1412,N33714,EWR,23:42,23:27,72,61,-15,23:20,7,0,0,0,0,0
UA,4/28/2023,538,N37255,ORD,21:34,21:18,114,97,-16,21:13,5,0,0,0,0,0
UA,4/28/2023,604,N898UA,DEN,15:12,15:02,201,199,-10,14:55,7,0,0,0,0,0
UA,4/28/2023,1412,N24736,EWR,23:42,0:23,72,68,41,0:16,7,26,0,0,0,15
UA,4/29/2023,538,N804UA,ORD,21:34,22:21,114,107,47,22:15,6,3,0,0,0,44
UA,4/29/2023,604,N421UA,DEN,15:12,14:59,201,195,-13,14:54,5,0,0,0,0,0
UA,4/29/2023,1412,N37548,EWR,23:14,0:14,72,104,60,0:10,4,28,0,32,0,0
UA,4/30/2023,538,N815UA,ORD,21:34,21:21,114,107,-13,21:11,10,0,0,0,0,0
UA,4/30/2023,604,N891UA,DEN,15:12,15:03,201,198,-9,14:58,5,0,0,0,0,0
UA,4/30/2023,1412,,EWR,23:42,0:00,72,0,0,0:00,0,0,0,0,0,0
UA,5/1/2023,538,N456UA,ORD,21:34,21:22,114,102,-12,21:18,4,0,0,0,0,0
UA,5/1/2023,604,N461UA,DEN,15:12,15:19,201,196,7,15:13,6,0,0,0,0,0
UA,5/1/2023,1412,N57299,EWR,23:42,23:53,72,51,11,23:49,4,0,0,0,0,0
UA,5/2/2023,538,N433UA,ORD,21:34,21:22,114,103,-12,21:18,4,0,0,0,0,0
UA,5/2/2023,604,N812UA,DEN,15:12,15:37,201,215,25,15:32,5,11,0,14,0,0
UA,5/2/2023,1412,N39726,EWR,23:42,0:35,72,56,53,0:30,5,2,0,0,0,51
UA,5/3/2023,538,N844UA,ORD,21:34,21:23,114,111,-11,21:18,5,0,0,0,0,0
UA,5/3/2023,604,N891UA,DEN,15:12,15:36,201,233,24,15:31,5,0,0,24,0,0
UA,5/3/2023,1412,N38727,EWR,23:42,23:44,72,58,2,23:38,6,0,0,0,0,0
UA,5/4/2023,538,N27546,ORD,21:34,21:39,114,108,5,21:34,5,0,0,0,0,0
UA,5/4/2023,604,N436UA,DEN,15:12,15:07,201,198,-5,15:02,5,0,0,0,0,0
UA,5/4/2023,1412,N27239,EWR,23:41,0:20,72,52,39,0:14,6,39,0,0,0,0
UA,5/5/2023,538,N68801,ORD,21:09,21:10,111,111,1,21:04,6,0,0,0,0,0
UA,5/5/2023,679,N17245,DEN,22:50,23:50,202,190,60,23:45,5,1,0,0,0,59
UA,5/5/2023,1733,N38727,EWR,23:11,23:16,72,63,5,23:09,7,0,0,0,0,0
UA,5/6/2023,538,N61881,ORD,21:09,21:34,111,132,25,21:27,7,0,0,25,0,0
UA,5/6/2023,679,N77258,DEN,22:50,22:40,202,191,-10,22:35,5,0,0,0,0,0
UA,5/7/2023,538,N37532,ORD,21:09,21:06,111,115,-3,21:00,6,0,0,0,0,0
UA,5/7/2023,679,N14250,DEN,22:50,22:27,202,187,-23,22:21,6,0,0,0,0,0
UA,5/7/2023,1733,N14704,EWR,23:11,23:33,72,81,22,23:27,6,13,0,9,0,0
UA,5/8/2023,538,N61881,ORD,21:09,21:06,111,112,-3,21:02,4,0,0,0,0,0
UA,5/8/2023,679,N76504,DEN,22:50,23:42,202,230,52,23:35,7,0,0,28,0,24
UA,5/8/2023,1733,N33714,EWR,23:11,23:19,72,60,8,23:14,5,0,0,0,0,0
UA,5/9/2023,538,N75435,ORD,21:09,20:59,111,102,-10,20:54,5,0,0,0,0,0
UA,5/9/2023,679,N24212,DEN,22:50,22:35,202,187,-15,22:30,5,0,0,0,0,0
UA,5/9/2023,1733,N33714,EWR,23:11,23:41,72,54,30,23:35,6,6,0,0,0,24
UA,5/10/2023,538,N39461,ORD,21:09,21:07,111,113,-2,21:02,5,0,0,0,0,0
UA,5/10/2023,679,N17233,DEN,22:50,0:42,202,209,112,0:36,6,15,0,7,0,90
UA,5/10/2023,1733,N27734,EWR,23:11,23:31,72,61,20,23:27,4,20,0,0,0,0
UA,5/11/2023,538,N61882,ORD,21:09,21:31,111,106,22,21:27,4,22,0,0,0,0
UA,5/11/2023,679,N37277,DEN,22:50,22:57,202,208,7,22:51,6,0,0,0,0,0
UA,5/11/2023,1733,N14704,EWR,23:11,23:25,72,49,14,23:21,4,0,0,0,0,0
UA,5/12/2023,538,N69813,ORD,21:09,21:15,111,120,6,21:08,7,0,0,0,0,0
UA,5/12/2023,679,N37253,DEN,22:50,22:47,202,191,-3,22:42,5,0,0,0,0,0
UA,5/12/2023,1733,N17752,EWR,23:11,23:34,72,65,23,23:24,10,23,0,0,0,0
UA,5/13/2023,538,N62849,ORD,21:09,21:19,111,111,10,21:12,7,0,0,0,0,0
UA,5/13/2023,679,N27205,DEN,22:50,22:40,202,191,-10,22:35,5,0,0,0,0,0
UA,5/13/2023,1733,N39728,EWR,23:11,23:55,72,56,44,23:50,5,21,0,0,0,23
UA,5/14/2023,538,N63890,ORD,21:09,21:57,111,100,48,21:52,5,0,0,0,0,48
UA,5/14/2023,679,N33209,DEN,22:50,22:42,202,188,-8,22:37,5,0,0,0,0,0
UA,5/14/2023,1733,N39728,EWR,23:11,23:01,72,60,-10,22:55,6,0,0,0,0,0
UA,5/15/2023,538,N37437,ORD,21:09,21:34,111,101,25,21:29,5,25,0,0,0,0
UA,5/15/2023,679,N76502,DEN,22:50,2:18,202,190,208,2:13,5,208,0,0,0,0
UA,5/15/2023,1733,N471UA,EWR,23:11,23:27,72,64,16,23:23,4,16,0,0,0,0
UA,5/16/2023,538,N39450,ORD,21:09,21:27,111,94,18,21:22,5,18,0,0,0,0
UA,5/16/2023,679,N34222,DEN,22:50,0:50,202,195,120,0:46,4,0,0,0,0,120
UA,5/16/2023,1733,N38467,EWR,23:11,23:14,72,58,3,23:09,5,0,0,0,0,0
UA,5/17/2023,538,N37419,ORD,21:09,21:19,111,111,10,21:13,6,0,0,0,0,0
UA,5/17/2023,679,N37252,DEN,22:50,23:02,202,206,12,22:57,5,0,0,0,0,0
UA,5/17/2023,1733,N14731,EWR,23:11,23:27,72,72,16,23:15,12,16,0,0,0,0
UA,5/18/2023,538,N39463,ORD,21:09,21:02,111,106,-7,20:57,5,0,0,0,0,0
UA,5/18/2023,679,N33284,DEN,22:50,22:48,202,187,-2,22:43,5,0,0,0,0,0
UA,5/18/2023,1733,N16703,EWR,23:11,23:05,72,68,-6,23:00,5,0,0,0,0,0
UA,5/19/2023,538,N67815,ORD,21:09,21:05,111,106,-4,21:01,4,0,0,0,0,0
UA,5/19/2023,679,N73256,DEN,22:50,23:19,202,194,29,23:12,7,14,0,0,0,15
UA,5/19/2023,1733,N27722,EWR,23:11,23:44,72,107,33,23:30,14,0,0,33,0,0
UA,5/20/2023,538,N39475,ORD,21:09,22:05,111,101,56,21:59,6,5,0,0,0,51
UA,5/20/2023,679,N11206,DEN,22:50,22:43,202,193,-7,22:38,5,0,0,0,0,0
UA,5/20/2023,1733,N27722,EWR,23:11,23:24,72,71,13,23:17,7,0,0,0,0,0
UA,5/21/2023,538,N37541,ORD,21:09,20:57,111,103,-12,20:52,5,0,0,0,0,0
UA,5/21/2023,679,N35260,DEN,22:50,22:56,202,208,6,22:51,5,0,0,0,0,0
UA,5/21/2023,1733,N24715,EWR,23:11,23:13,72,61,2,23:08,5,0,0,0,0,0
UA,5/22/2023,538,N69826,ORD,21:09,23:11,111,107,122,23:01,10,3,0,0,0,119
UA,5/22/2023,679,N37293,DEN,22:50,22:51,202,195,1,22:45,6,0,0,0,0,0
UA,5/22/2023,1733,N27722,EWR,23:11,0:06,72,111,55,23:12,54,1,0,39,0,15
UA,5/23/2023,538,N45440,ORD,21:09,21:23,111,113,14,21:19,4,0,0,0,0,0
UA,5/23/2023,679,N14219,DEN,22:50,22:45,202,199,-5,22:39,6,0,0,0,0,0
UA,5/23/2023,1733,N13716,EWR,23:11,23:13,72,72,2,23:08,5,0,0,0,0,0
UA,5/24/2023,538,N62894,ORD,21:09,21:01,111,100,-8,20:56,5,0,0,0,0,0
UA,5/24/2023,679,N26208,DEN,22:50,23:59,202,211,69,23:51,8,33,0,9,0,27
UA,5/24/2023,1733,N21723,EWR,23:11,23:11,72,62,0,23:07,4,0,0,0,0,0
UA,5/25/2023,538,N68891,ORD,21:09,21:25,111,127,16,21:20,5,0,0,16,0,0
UA,5/25/2023,679,N33292,DEN,22:50,23:30,202,237,40,23:20,10,0,0,40,0,0
UA,5/25/2023,1733,N25705,EWR,23:11,23:22,72,55,11,23:18,4,0,0,0,0,0
UA,5/26/2023,538,N68880,ORD,21:09,21:30,111,120,21,21:25,5,12,0,9,0,0
UA,5/26/2023,679,N33284,DEN,22:50,0:12,202,224,82,0:04,8,4,0,22,0,56
UA,5/26/2023,1733,N12754,EWR,23:11,23:53,72,73,42,23:47,6,41,0,1,0,0
UA,5/27/2023,538,N68452,ORD,21:09,21:31,111,137,22,21:24,7,0,0,22,0,0
UA,5/27/2023,679,N14235,DEN,22:50,4:44,202,215,354,4:38,6,51,0,13,0,290
UA,5/27/2023,1733,N25705,EWR,23:11,23:31,72,70,20,23:25,6,20,0,0,0,0
UA,5/28/2023,538,N68811,ORD,21:09,21:00,111,109,-9,20:54,6,0,0,0,0,0
UA,5/28/2023,679,N33266,DEN,22:50,23:27,202,220,37,23:22,5,19,0,18,0,0
UA,5/28/2023,1733,N13718,EWR,23:11,22:47,72,51,-24,22:42,5,0,0,0,0,0
UA,5/29/2023,538,N37434,ORD,21:09,21:13,111,120,4,21:08,5,0,0,0,0,0
UA,5/29/2023,679,N36247,DEN,22:50,0:11,202,240,81,0:06,5,0,43,38,0,0
UA,5/29/2023,1733,N16713,EWR,23:11,23:19,72,56,8,23:14,5,0,0,0,0,0
UA,5/30/2023,538,N62889,ORD,21:09,20:50,111,96,-19,20:46,4,0,0,0,0,0
UA,5/30/2023,679,N37278,DEN,22:50,22:48,202,200,-2,22:43,5,0,0,0,0,0
UA,5/30/2023,1733,N12754,EWR,23:11,23:09,72,76,-2,22:59,10,0,0,0,0,0
UA,5/31/2023,538,N17719,ORD,21:09,22:18,111,144,69,22:13,5,3,0,33,0,33
UA,5/31/2023,679,N33289,DEN,22:50,0:50,202,268,120,0:44,6,22,0,66,0,32
UA,5/31/2023,1733,N13718,EWR,23:11,23:41,72,94,30,23:38,3,8,0,22,0,0
UA,6/1/2023,538,N67845,ORD,21:09,21:00,111,107,-9,20:55,5,0,0,0,0,0
UA,6/1/2023,679,N13248,DEN,22:50,23:16,202,203,26,23:11,5,4,0,1,0,21
UA,6/1/2023,1733,N17730,EWR,23:11,23:23,72,63,12,23:18,5,0,0,0,0,0
UA,6/2/2023,371,N37540,ORD,23:59,23:51,114,110,-8,23:46,5,0,0,0,0,0
UA,6/2/2023,1909,N833UA,DEN,23:17,23:45,202,199,28,23:41,4,11,0,0,0,17
UA,6/2/2023,2110,,EWR,23:48,0:00,74,0,0,0:00,0,0,0,0,0,0
UA,6/3/2023,371,N446UA,ORD,23:59,23:57,114,102,-2,23:53,4,0,0,0,0,0
UA,6/3/2023,1909,N24212,DEN,23:17,23:30,202,219,13,23:25,5,0,0,0,0,0
UA,6/3/2023,2110,N495UA,EWR,23:29,23:11,74,56,-18,23:06,5,0,0,0,0,0
UA,6/4/2023,371,N491UA,ORD,23:59,0:33,114,117,34,0:28,5,24,0,3,0,7
UA,6/4/2023,1909,N33203,DEN,23:17,0:16,202,209,59,0:11,5,0,0,7,0,52
UA,6/4/2023,2110,N67827,EWR,23:20,23:22,74,59,2,23:17,5,0,0,0,0,0
UA,6/5/2023,538,N14231,ORD,21:10,20:52,114,104,-18,20:47,5,0,0,0,0,0
UA,6/5/2023,1909,N462UA,DEN,23:17,23:42,202,221,25,23:37,5,6,0,19,0,0
UA,6/5/2023,2110,N17752,EWR,23:20,23:23,74,58,3,23:19,4,0,0,0,0,0
UA,6/6/2023,538,N39297,ORD,21:10,21:34,114,112,24,21:27,7,0,0,0,0,24
UA,6/6/2023,1909,N839UA,DEN,23:17,0:26,202,229,69,0:20,6,42,0,27,0,0
UA,6/6/2023,2110,N13716,EWR,23:20,0:01,74,79,41,23:54,7,36,0,5,0,0
UA,6/7/2023,538,N77518,ORD,21:10,21:10,114,117,0,21:01,9,0,0,0,0,0
UA,6/7/2023,1909,N853UA,DEN,23:17,0:52,202,208,95,0:47,5,89,0,6,0,0
UA,6/7/2023,2110,N15712,EWR,23:20,0:37,74,51,77,0:33,4,0,0,0,0,77
UA,6/8/2023,538,N75426,ORD,21:10,21:20,114,127,10,21:14,6,0,0,0,0,0
UA,6/8/2023,1909,N846UA,DEN,23:17,0:46,202,211,89,0:41,5,9,0,9,0,71
UA,6/8/2023,2110,N12754,EWR,23:20,23:23,74,62,3,23:18,5,0,0,0,0,0
UA,6/9/2023,371,N68843,ORD,23:59,0:10,114,128,11,23:48,22,0,0,0,0,0
UA,6/9/2023,1909,N803UA,DEN,23:17,23:09,202,197,-8,23:04,5,0,0,0,0,0
UA,6/9/2023,2110,N16709,EWR,23:48,23:29,74,64,-19,23:21,8,0,0,0,0,0
UA,6/10/2023,371,N487UA,ORD,23:59,23:43,114,101,-16,23:38,5,0,0,0,0,0
UA,6/10/2023,1909,N73275,DEN,23:17,0:52,202,195,95,0:46,6,0,0,0,0,95
UA,6/10/2023,2110,N434UA,EWR,23:29,23:19,74,57,-10,23:13,6,0,0,0,0,0
UA,6/11/2023,371,N430UA,ORD,23:59,23:46,114,102,-13,23:40,6,0,0,0,0,0
UA,6/11/2023,1909,N35204,DEN,23:17,23:32,202,214,15,23:28,4,0,0,15,0,0
UA,6/11/2023,2110,N37420,EWR,23:20,0:26,74,55,66,0:21,5,13,0,0,0,53
UA,6/12/2023,538,N14219,ORD,21:10,20:54,114,102,-16,20:49,5,0,0,0,0,0
UA,6/12/2023,1909,N842UA,DEN,23:17,23:41,202,202,24,23:36,5,24,0,0,0,0
UA,6/12/2023,2110,N39728,EWR,23:20,23:20,74,72,0,23:15,5,0,0,0,0,0
UA,6/13/2023,538,N69804,ORD,21:10,21:56,114,114,46,21:53,3,9,0,0,0,37
UA,6/13/2023,1909,N848UA,DEN,23:17,23:15,202,194,-2,23:11,4,0,0,0,0,0
UA,6/13/2023,2110,N24715,EWR,23:20,23:32,74,74,12,23:14,18,0,0,0,0,0
UA,6/14/2023,538,N14219,ORD,21:10,21:33,114,135,23,21:26,7,0,0,23,0,0
UA,6/14/2023,1909,N443UA,DEN,23:17,23:32,202,217,15,23:27,5,0,0,15,0,0
UA,6/14/2023,2110,N12754,EWR,23:20,23:57,74,69,37,23:48,9,37,0,0,0,0
UA,6/15/2023,538,N26215,ORD,21:10,20:56,114,101,-14,20:50,6,0,0,0,0,0
UA,6/15/2023,1909,N851UA,DEN,23:17,23:55,202,232,38,23:50,5,8,0,30,0,0
UA,6/15/2023,2110,N23708,EWR,23:20,0:12,74,52,52,0:07,5,4,0,0,0,48
UA,6/16/2023,371,N75433,ORD,23:59,0:22,114,126,23,0:15,7,11,0,12,0,0
UA,6/16/2023,1909,N873UA,DEN,23:17,2:09,202,206,172,2:05,4,10,0,4,0,158
UA,6/16/2023,2110,N25705,EWR,23:48,0:18,74,67,30,0:13,5,16,0,0,0,14
UA,6/17/2023,371,N447UA,ORD,23:59,23:40,114,100,-19,23:35,5,0,0,0,0,0
UA,6/17/2023,1909,N79521,DEN,23:17,23:51,202,241,34,23:45,6,0,0,34,0,0
UA,6/17/2023,2110,N470UA,EWR,23:29,0:06,74,70,37,23:53,13,37,0,0,0,0
UA,6/18/2023,371,N37422,ORD,23:59,0:11,114,102,12,0:06,5,0,0,0,0,0
UA,6/18/2023,1909,N26208,DEN,23:17,23:14,202,205,-3,23:10,4,0,0,0,0,0
UA,6/18/2023,2110,N66848,EWR,23:20,0:27,74,70,67,0:17,10,67,0,0,0,0
UA,6/19/2023,538,N17244,ORD,21:10,20:52,114,103,-18,20:49,3,0,0,0,0,0
UA,6/19/2023,1909,N842UA,DEN,23:17,23:27,202,218,10,23:20,7,0,0,0,0,0
UA,6/19/2023,2110,N39726,EWR,23:20,23:14,74,59,-6,23:10,4,0,0,0,0,0
UA,6/20/2023,538,N17229,ORD,21:10,21:43,114,99,33,21:39,4,0,0,0,0,33
UA,6/20/2023,1909,N466UA,DEN,23:17,23:14,202,205,-3,23:10,4,0,0,0,0,0
UA,6/20/2023,2110,N39728,EWR,23:20,23:47,74,54,27,23:43,4,24,0,0,0,3
UA,6/21/2023,538,N36247,ORD,21:10,21:23,114,124,13,21:19,4,0,0,0,0,0
UA,6/21/2023,1909,N418UA,DEN,23:17,0:17,202,241,60,0:13,4,0,0,39,0,21
UA,6/21/2023,2110,N14235,EWR,23:20,1:28,74,59,128,1:23,5,128,0,0,0,0
UA,6/22/2023,538,N77261,ORD,21:10,21:20,114,123,10,21:12,8,0,0,0,0,0
UA,6/22/2023,1909,N892UA,DEN,23:17,4:08,202,197,291,4:03,5,0,0,291,0,0
UA,6/22/2023,2110,N14735,EWR,23:20,0:08,74,57,48,0:03,5,14,0,0,0,34
UA,6/23/2023,636,N37468,ORD,23:59,0:02,114,116,3,23:53,9,0,0,0,0,0
UA,6/23/2023,2371,N33209,DEN,23:10,23:39,201,225,29,23:33,6,0,0,29,0,0
UA,6/23/2023,2432,N35260,EWR,23:18,0:51,79,60,93,0:45,6,23,0,0,0,70
UA,6/24/2023,371,N37293,ORD,0:10,0:43,114,112,33,0:38,5,27,0,0,0,6
UA,6/24/2023,2371,N14242,DEN,23:10,0:03,201,191,53,23:57,6,29,0,0,0,24
UA,6/24/2023,2432,,EWR,23:18,0:00,79,0,0,0:00,0,0,0,0,0,0
UA,6/25/2023,636,,ORD,23:59,0:00,114,0,0,0:00,0,0,0,0,0,0
UA,6/25/2023,2371,N819UA,DEN,23:10,23:04,201,198,-6,22:59,5,0,0,0,0,0
UA,6/25/2023,2432,N37293,EWR,23:42,5:15,69,74,333,5:11,4,150,0,5,0,178
UA,6/26/2023,210,N37420,ORD,21:14,22:14,114,106,60,22:08,6,60,0,0,0,0
UA,6/26/2023,2371,N37263,DEN,23:10,0:07,201,187,57,0:01,6,57,0,0,0,0
UA,6/26/2023,2432,,EWR,23:26,0:00,69,0,0,0:00,0,0,0,0,0,0
UA,6/27/2023,210,N64844,ORD,21:14,0:40,114,94,206,0:35,5,139,0,0,0,67
UA,6/27/2023,2371,,DEN,23:10,0:00,201,0,0,0:00,0,0,0,0,0,0
UA,6/27/2023,2432,,EWR,23:26,0:00,69,0,0,0:00,0,0,0,0,0,0
UA,6/28/2023,210,N68453,ORD,21:14,22:55,114,108,101,22:50,5,15,0,0,0,86
UA,6/28/2023,2371,,DEN,23:10,0:00,201,0,0,0:00,0,0,0,0,0,0
UA,6/28/2023,2432,,EWR,23:26,0:00,69,0,0,0:00,0,0,0,0,0,0
UA,6/29/2023,210,N39415,ORD,21:14,23:58,114,108,164,23:53,5,164,0,0,0,0
UA,6/29/2023,2371,N24224,DEN,23:10,0:00,201,0,0,0:00,0,0,0,0,0,0
UA,6/29/2023,2432,N451UA,EWR,23:26,3:49,69,64,263,3:43,6,190,0,0,0,73
UA,6/30/2023,636,N37471,ORD,23:59,0:33,114,114,34,0:28,5,6,0,0,0,28
UA,6/30/2023,2371,N35260,DEN,23:10,0:35,201,179,85,0:30,5,31,0,0,0,54
UA,6/30/2023,2432,N817UA,EWR,23:26,0:56,69,70,90,0:50,6,12,0,1,0,77
UA,7/1/2023,636,N29717,ORD,23:59,1:54,114,92,115,1:50,4,96,0,0,0,19
UA,7/1/2023,2371,N18243,DEN,23:14,0:16,201,198,62,0:10,6,8,0,0,0,54
UA,7/1/2023,2432,N815UA,EWR,23:26,0:47,69,60,81,0:41,6,22,0,0,0,59
UA,7/2/2023,636,N37537,ORD,23:59,0:01,114,108,2,23:53,8,0,0,0,0,0
UA,7/2/2023,2371,N827UA,DEN,23:14,23:38,201,207,24,23:34,4,5,0,6,0,13
UA,7/2/2023,2432,N37540,EWR,23:26,1:32,69,168,126,1:28,4,27,0,99,0,0
UA,7/3/2023,210,N38458,ORD,21:14,21:08,114,111,-6,21:03,5,0,0,0,0,0
UA,7/3/2023,2371,N33284,DEN,23:14,0:01,201,191,47,23:55,6,22,0,0,0,25
UA,7/3/2023,2432,N475UA,EWR,23:26,23:54,69,56,28,23:50,4,15,0,0,0,13
UA,7/4/2023,210,N57439,ORD,21:14,21:33,114,120,19,21:27,6,13,0,6,0,0
UA,7/4/2023,2371,N26226,DEN,23:14,2:29,201,204,195,2:25,4,143,0,3,0,49
UA,7/4/2023,2432,N408UA,EWR,23:26,1:21,69,63,115,1:15,6,35,0,0,0,80
UA,7/5/2023,210,N38479,ORD,21:14,22:58,114,108,104,22:50,8,0,104,0,0,0
UA,7/5/2023,2371,N17233,DEN,23:14,0:19,201,227,65,0:15,4,39,0,26,0,0
UA,7/5/2023,2432,N498UA,EWR,23:26,1:08,69,63,102,1:03,5,102,0,0,0,0
UA,7/6/2023,210,N38459,ORD,21:14,20:53,114,98,-21,20:49,4,0,0,0,0,0
UA,7/6/2023,2371,N36272,DEN,23:14,23:47,201,188,33,23:42,5,33,0,0,0,0
UA,7/6/2023,2432,N431UA,EWR,23:26,0:17,69,63,51,0:08,9,51,0,0,0,0
UA,7/7/2023,636,N62883,ORD,23:59,23:47,114,100,-12,23:41,6,0,0,0,0,0
UA,7/7/2023,2371,N77530,DEN,23:14,23:18,201,193,4,23:12,6,0,0,0,0,0
UA,7/7/2023,2432,,EWR,23:26,0:00,69,0,0,0:00,0,0,0,0,0,0
UA,7/8/2023,636,N73291,ORD,23:59,0:04,114,110,5,23:57,7,0,0,0,0,0
UA,7/8/2023,2371,N37293,DEN,23:14,0:22,201,183,68,0:17,5,4,0,0,0,64
UA,7/8/2023,2432,N845UA,EWR,23:26,23:47,69,64,21,23:41,6,21,0,0,0,0
UA,7/9/2023,636,N76505,ORD,23:59,0:03,114,111,4,23:57,6,0,0,0,0,0
UA,7/9/2023,2371,N810UA,DEN,23:14,23:20,201,199,6,23:13,7,0,0,0,0,0
UA,7/9/2023,2432,N17244,EWR,23:26,8:51,69,60,565,8:46,5,563,0,0,0,2
UA,7/10/2023,210,N69804,ORD,21:14,23:56,114,133,162,23:27,29,12,0,19,0,131
UA,7/10/2023,2371,N33266,DEN,23:14,23:33,201,212,19,23:22,11,8,0,11,0,0
UA,7/10/2023,2432,N409UA,EWR,23:26,2:48,69,71,202,2:43,5,10,0,2,0,190
UA,7/11/2023,210,N39423,ORD,21:14,21:19,114,111,5,21:14,5,0,0,0,0,0
UA,7/11/2023,2371,N78524,DEN,23:14,23:52,201,184,38,23:49,3,18,0,0,0,20
UA,7/11/2023,2432,N469UA,EWR,23:26,1:28,69,71,122,1:23,5,19,0,2,0,101
UA,7/12/2023,210,N27503,ORD,21:14,23:28,114,169,134,23:22,6,0,79,55,0,0
UA,7/12/2023,2371,N33292,DEN,23:14,22:58,201,188,-16,22:55,3,0,0,0,0,0
UA,7/12/2023,2432,N479UA,EWR,23:26,0:31,69,55,65,0:27,4,34,0,0,0,31
UA,7/13/2023,210,N38473,ORD,21:14,21:37,114,125,23,21:34,3,12,0,11,0,0
UA,7/13/2023,2371,N62883,DEN,23:14,1:36,201,186,142,1:30,6,0,0,0,0,142
UA,7/13/2023,2432,,EWR,23:26,0:00,69,0,0,0:00,0,0,0,0,0,0
UA,7/14/2023,636,N39463,ORD,23:59,2:09,114,127,130,2:04,5,0,117,13,0,0
UA,7/14/2023,2371,N16234,DEN,23:14,23:07,201,183,-7,23:00,7,0,0,0,0,0
UA,7/14/2023,2432,N38257,EWR,23:26,5:09,69,64,343,5:02,7,18,0,0,0,325
UA,7/15/2023,636,N17316,ORD,23:59,1:01,114,96,62,0:57,4,28,0,0,0,34
UA,7/15/2023,2371,N76288,DEN,23:14,23:37,201,215,23,23:33,4,9,0,14,0,0
UA,7/15/2023,2432,,EWR,23:26,0:00,69,0,0,0:00,0,0,0,0,0,0
UA,7/16/2023,636,N78524,ORD,23:59,23:53,114,106,-6,23:46,7,0,0,0,0,0
UA,7/16/2023,2371,N896UA,DEN,23:14,23:10,201,189,-4,23:04,6,0,0,0,0,0
UA,7/16/2023,2432,N77296,EWR,23:26,0:18,69,92,52,23:44,34,8,0,23,0,21
UA,7/17/2023,210,N37470,ORD,21:14,21:07,114,108,-7,21:02,5,0,0,0,0,0
UA,7/17/2023,2371,N78285,DEN,23:14,0:20,201,198,66,0:13,7,7,0,0,0,59
UA,7/17/2023,2432,N490UA,EWR,23:26,0:59,69,64,93,0:53,6,49,0,0,0,44
UA,7/18/2023,210,N78438,ORD,21:14,20:51,114,97,-23,20:47,4,0,0,0,0,0
UA,7/18/2023,2371,N37287,DEN,23:14,23:15,201,201,1,23:10,5,0,0,0,0,0
UA,7/18/2023,2432,N423UA,EWR,23:26,0:34,69,73,68,0:28,6,28,0,4,0,36
UA,7/19/2023,210,N57439,ORD,21:14,20:59,114,103,-15,20:53,6,0,0,0,0,0
UA,7/19/2023,2371,N12218,DEN,23:14,23:11,201,181,-3,23:06,5,0,0,0,0,0
UA,7/19/2023,2432,N409UA,EWR,23:26,1:13,69,63,107,1:08,5,11,0,0,0,96
UA,7/20/2023,210,N66841,ORD,21:14,22:15,114,161,61,22:09,6,7,0,47,0,7
UA,7/20/2023,2371,N37253,DEN,23:14,1:30,201,233,136,1:24,6,41,0,32,0,63
UA,7/20/2023,2432,N457UA,EWR,23:26,1:43,69,80,137,1:37,6,9,0,11,0,117
UA,7/21/2023,636,N38467,ORD,23:59,23:58,114,112,-1,23:52,6,0,0,0,0,0
UA,7/21/2023,2371,N26215,DEN,23:14,23:28,201,189,14,23:23,5,0,0,0,0,0
UA,7/21/2023,2432,N76526,EWR,23:26,0:33,69,56,67,0:28,5,67,0,0,0,0
UA,7/22/2023,636,N26215,ORD,23:59,0:46,114,104,47,0:41,5,1,0,0,0,46
UA,7/22/2023,2371,N24212,DEN,23:14,0:39,201,189,85,0:35,4,42,0,0,0,43
UA,7/22/2023,2432,N437UA,EWR,23:26,0:01,69,54,35,23:53,8,35,0,0,0,0
UA,7/23/2023,636,N76502,ORD,23:59,1:19,114,97,80,1:14,5,80,0,0,0,0
UA,7/23/2023,2371,N890UA,DEN,23:14,0:40,201,274,86,0:37,3,0,13,73,0,0
UA,7/23/2023,2432,N12216,EWR,23:26,1:23,69,58,117,1:16,7,117,0,0,0,0
UA,7/24/2023,210,N67815,ORD,21:14,21:03,114,105,-11,20:59,4,0,0,0,0,0
UA,7/24/2023,2371,N14250,DEN,23:14,23:04,201,193,-10,22:59,5,0,0,0,0,0
UA,7/24/2023,2432,N494UA,EWR,23:26,0:34,69,124,68,0:30,4,13,0,55,0,0
UA,7/25/2023,210,N39461,ORD,21:14,21:13,114,115,-1,21:08,5,0,0,0,0,0
UA,7/25/2023,2371,N18243,DEN,23:14,0:36,201,208,82,0:27,9,13,0,7,0,62
UA,7/25/2023,2432,N492UA,EWR,23:26,23:51,69,63,25,23:46,5,25,0,0,0,0
UA,7/26/2023,210,N62896,ORD,21:14,23:38,114,123,144,23:27,11,3,0,9,0,132
UA,7/26/2023,2371,N76254,DEN,23:14,1:35,201,205,141,1:31,4,92,0,4,0,45
UA,7/26/2023,2432,N498UA,EWR,23:26,1:34,69,55,128,1:28,6,14,0,0,0,114
UA,7/27/2023,210,N36444,ORD,21:14,21:38,114,128,24,21:32,6,10,0,14,0,0
UA,7/27/2023,2371,N37277,DEN,23:14,23:11,201,195,-3,23:07,4,0,0,0,0,0
UA,7/27/2023,2432,N498UA,EWR,23:26,2:43,69,59,197,2:38,5,98,0,0,0,99
UA,7/28/2023,636,N38451,ORD,23:59,3:45,114,145,226,3:39,6,0,117,31,0,78
UA,7/28/2023,2371,N37267,DEN,23:14,1:37,201,206,143,1:33,4,9,0,5,0,129
UA,7/28/2023,2432,N24729,EWR,23:26,1:45,69,67,139,1:41,4,94,0,0,0,45
UA,7/29/2023,636,N73276,ORD,23:59,0:48,114,114,49,0:38,10,49,0,0,0,0
UA,7/29/2023,2371,N37253,DEN,23:14,0:27,201,196,73,0:22,5,73,0,0,0,0
UA,7/29/2023,2432,N495UA,EWR,23:26,2:25,69,59,179,2:18,7,179,0,0,0,0
UA,7/30/2023,636,N11206,ORD,23:59,0:14,114,96,15,0:09,5,4,0,0,0,11
UA,7/30/2023,2371,N880UA,DEN,23:14,23:02,201,185,-12,22:58,4,0,0,0,0,0
UA,7/30/2023,2432,N14228,EWR,23:26,1:01,69,67,95,0:50,11,20,0,0,0,75
UA,7/31/2023,210,N37434,ORD,21:14,21:02,114,99,-12,20:59,3,0,0,0,0,0
UA,7/31/2023,2371,N73283,DEN,23:14,23:06,201,189,-8,22:58,8,0,0,0,0,0
UA,7/31/2023,2432,N834UA,EWR,23:26,0:54,69,59,88,0:48,6,53,0,0,0,35
UA,8/1/2023,210,N37464,ORD,21:14,20:55,114,101,-19,20:50,5,0,0,0,0,0
UA,8/1/2023,2371,N12225,DEN,23:14,23:50,201,217,36,23:44,6,6,0,16,0,14
UA,8/1/2023,2432,N871UA,EWR,23:26,23:27,69,60,1,23:21,6,0,0,0,0,0
UA,8/1/2023,2637,N422UA,ORD,16:51,16:42,111,102,-9,16:36,6,0,0,0,0,0
UA,8/2/2023,210,N62896,ORD,21:14,21:27,114,112,13,21:20,7,0,0,0,0,0
UA,8/2/2023,2371,N18220,DEN,23:14,23:07,201,190,-7,23:02,5,0,0,0,0,0
UA,8/2/2023,2432,N896UA,EWR,23:26,23:31,69,63,5,23:26,5,0,0,0,0,0
UA,8/2/2023,2637,N455UA,ORD,16:51,16:54,111,98,3,16:50,4,0,0,0,0,0
UA,8/3/2023,210,N62896,ORD,21:14,21:18,114,125,4,21:00,18,0,0,0,0,0
UA,8/3/2023,2371,,DEN,23:10,0:00,201,0,0,0:00,0,0,0,0,0,0
UA,8/3/2023,2432,N845UA,EWR,23:26,23:52,69,77,26,23:31,21,18,0,8,0,0
UA,8/3/2023,2637,N495UA,ORD,16:51,16:32,111,96,-19,16:27,5,0,0,0,0,0
UA,8/4/2023,636,N62883,ORD,23:59,0:29,114,106,30,0:22,7,30,0,0,0,0
UA,8/4/2023,2371,N37290,DEN,23:10,23:14,201,193,4,23:11,3,0,0,0,0,0
UA,8/4/2023,2432,N877UA,EWR,23:26,23:49,69,96,23,23:44,5,0,0,23,0,0
UA,8/4/2023,2637,N475UA,ORD,16:51,16:31,111,97,-20,16:25,6,0,0,0,0,0
UA,8/5/2023,636,N73256,ORD,23:59,0:33,114,122,34,0:29,4,15,0,8,0,11
UA,8/5/2023,2371,N14242,DEN,23:10,23:00,201,197,-10,22:56,4,0,0,0,0,0
UA,8/5/2023,2432,N898UA,EWR,23:26,23:28,69,61,2,23:21,7,0,0,0,0,0
UA,8/5/2023,2637,N432UA,ORD,16:53,16:55,111,103,2,16:49,6,0,0,0,0,0
UA,8/6/2023,636,N39450,ORD,23:59,0:24,114,97,25,0:20,4,10,0,0,0,15
UA,8/6/2023,2371,N838UA,DEN,23:10,23:07,201,187,-3,23:04,3,0,0,0,0,0
UA,8/6/2023,2432,N14249,EWR,23:26,23:56,69,62,30,23:51,5,30,0,0,0,0
UA,8/6/2023,2637,N494UA,ORD,16:51,16:30,111,93,-21,16:25,5,0,0,0,0,0
UA,8/7/2023,210,N39463,ORD,21:14,21:09,114,109,-5,21:02,7,0,0,0,0,0
UA,8/7/2023,2371,N24211,DEN,23:10,23:51,201,238,41,23:46,5,0,0,41,0,0
UA,8/7/2023,2432,,EWR,23:26,0:00,69,0,0,0:00,0,0,0,0,0,0
UA,8/7/2023,2637,N446UA,ORD,16:51,16:43,111,108,-8,16:27,16,0,0,0,0,0
UA,8/8/2023,210,N62849,ORD,21:14,22:10,114,107,56,22:04,6,56,0,0,0,0
UA,8/8/2023,2371,N14231,DEN,23:10,23:18,201,210,8,23:11,7,0,0,0,0,0
UA,8/8/2023,2432,N874UA,EWR,23:26,23:37,69,66,11,23:23,14,0,0,0,0,0
UA,8/8/2023,2637,N25705,ORD,16:51,16:46,111,109,-5,16:40,6,0,0,0,0,0
UA,8/9/2023,210,N64809,ORD,21:14,21:01,114,109,-13,20:57,4,0,0,0,0,0
UA,8/9/2023,2371,N87531,DEN,23:10,23:08,201,204,-2,23:02,6,0,0,0,0,0
UA,8/9/2023,2432,N491UA,EWR,23:26,23:18,69,57,-8,23:13,5,0,0,0,0,0
UA,8/9/2023,2637,N24702,ORD,16:51,16:38,111,103,-13,16:33,5,0,0,0,0,0
UA,8/10/2023,210,N37563,ORD,21:14,21:42,114,130,28,21:35,7,0,0,16,0,12
UA,8/10/2023,2371,N73276,DEN,23:10,23:31,201,191,21,23:28,3,0,0,0,0,21
UA,8/10/2023,2432,N491UA,EWR,23:26,23:54,69,86,28,23:33,21,0,0,17,0,11
UA,8/10/2023,2637,N27733,ORD,16:51,16:36,111,99,-15,16:30,6,0,0,0,0,0
UA,8/11/2023,636,N68821,ORD,23:59,0:06,114,103,7,0:01,5,0,0,0,0,0
UA,8/11/2023,2371,N73259,DEN,23:10,23:43,201,235,33,23:39,4,0,0,33,0,0
UA,8/11/2023,2432,N491UA,EWR,23:26,23:13,69,62,-13,23:07,6,0,0,0,0,0
UA,8/11/2023,2637,N15710,ORD,16:51,16:31,111,101,-20,16:25,6,0,0,0,0,0
UA,8/12/2023,636,N24202,ORD,23:59,3:41,114,104,222,3:35,6,0,0,0,0,222
UA,8/12/2023,2371,N33286,DEN,23:10,23:06,201,186,-4,23:02,4,0,0,0,0,0
UA,8/12/2023,2432,N818UA,EWR,23:26,0:07,69,103,41,0:01,6,7,0,34,0,0
UA,8/12/2023,2637,N25705,ORD,16:53,16:45,111,104,-8,16:39,6,0,0,0,0,0
UA,8/13/2023,636,N76519,ORD,23:59,0:57,114,90,58,0:51,6,0,0,0,0,58
UA,8/13/2023,2371,N877UA,DEN,23:10,23:56,201,187,46,23:50,6,0,0,0,0,46
UA,8/13/2023,2432,N79521,EWR,23:26,23:34,69,57,8,23:30,4,0,0,0,0,0
UA,8/13/2023,2637,N4901U,ORD,16:51,16:40,111,99,-11,16:35,5,0,0,0,0,0
UA,8/14/2023,210,,ORD,21:14,0:00,114,0,0,0:00,0,0,0,0,0,0
UA,8/14/2023,2371,N76254,DEN,23:10,22:55,201,187,-15,22:50,5,0,0,0,0,0
UA,8/14/2023,2432,N818UA,EWR,23:26,23:44,69,55,18,23:39,5,18,0,0,0,0
UA,8/14/2023,2637,N24702,ORD,16:51,18:44,111,98,113,18:39,5,0,0,0,0,113
UA,8/15/2023,210,N37547,ORD,21:14,21:14,114,110,0,21:09,5,0,0,0,0,0
UA,8/15/2023,2371,N16217,DEN,23:10,23:30,201,197,20,23:27,3,20,0,0,0,0
UA,8/15/2023,2432,N805UA,EWR,23:26,1:49,69,55,143,1:44,5,28,0,0,0,115
UA,8/15/2023,2637,N39728,ORD,16:51,17:17,111,113,26,17:13,4,24,0,2,0,0
UA,8/16/2023,210,N66893,ORD,21:14,21:07,114,114,-7,21:01,6,0,0,0,0,0
UA,8/16/2023,2371,N14242,DEN,23:10,23:30,201,216,20,23:24,6,0,0,20,0,0
UA,8/16/2023,2432,N822UA,EWR,23:26,0:01,69,83,35,23:47,14,12,0,14,0,9
UA,8/16/2023,2637,N12754,ORD,16:51,16:55,111,116,4,16:50,5,0,0,0,0,0
UA,8/17/2023,210,N37547,ORD,21:14,21:10,114,100,-4,21:05,5,0,0,0,0,0
UA,8/17/2023,2371,N14231,DEN,23:10,23:16,201,206,6,23:08,8,0,0,0,0,0
UA,8/17/2023,2432,N881UA,EWR,23:26,0:06,69,110,40,0:01,5,0,0,40,0,0
UA,8/17/2023,2637,N14735,ORD,16:51,19:23,111,110,152,19:19,4,1,0,0,0,151
UA,8/18/2023,636,N37506,ORD,23:59,0:18,114,112,19,0:13,5,9,0,0,0,10
UA,8/18/2023,2371,N38268,DEN,23:10,23:46,201,212,36,23:44,2,13,0,11,0,12
UA,8/18/2023,2432,N881UA,EWR,23:26,23:23,69,61,-3,23:18,5,0,0,0,0,0
UA,8/18/2023,2637,N24729,ORD,16:51,17:04,111,116,13,16:59,5,0,0,0,0,0
UA,8/19/2023,636,N26208,ORD,23:59,23:59,114,118,0,23:48,11,0,0,0,0,0
UA,8/19/2023,2371,N76265,DEN,23:10,23:32,201,217,22,23:24,8,6,0,16,0,0
UA,8/19/2023,2432,N895UA,EWR,23:26,23:18,69,65,-8,23:12,6,0,0,0,0,0
UA,8/19/2023,2637,N15712,ORD,16:53,16:49,111,104,-4,16:44,5,0,0,0,0,0
UA,8/20/2023,636,N33289,ORD,23:59,0:06,114,105,7,23:59,7,0,0,0,0,0
UA,8/20/2023,2371,N897UA,DEN,23:10,23:06,201,194,-4,23:01,5,0,0,0,0,0
UA,8/20/2023,2432,N37267,EWR,23:26,23:34,69,82,8,23:05,29,0,0,0,0,0
UA,8/20/2023,2637,N464UA,ORD,16:46,17:12,111,123,26,17:07,5,14,0,12,0,0
UA,8/21/2023,210,N47275,ORD,21:14,21:41,114,115,27,21:37,4,26,0,1,0,0
UA,8/21/2023,2371,N35204,DEN,23:10,23:40,201,205,30,23:25,15,7,0,4,0,19
UA,8/21/2023,2432,N4888U,EWR,23:26,23:12,69,63,-14,23:07,5,0,0,0,0,0
UA,8/21/2023,2637,N24736,ORD,16:51,16:51,111,113,0,16:47,4,0,0,0,0,0
UA,8/22/2023,210,N17294,ORD,21:14,21:24,114,127,10,21:20,4,0,0,0,0,0
UA,8/22/2023,2371,N35204,DEN,23:10,23:09,201,200,-1,23:06,3,0,0,0,0,0
UA,8/22/2023,2432,N407UA,EWR,23:26,23:34,69,79,8,23:09,25,0,0,0,0,0
UA,8/22/2023,2637,N16701,ORD,16:51,16:37,111,99,-14,16:32,5,0,0,0,0,0
UA,8/23/2023,210,N47275,ORD,21:14,22:21,114,168,67,22:16,5,13,0,54,0,0
UA,8/23/2023,2371,N14231,DEN,23:10,2:23,201,200,193,2:17,6,61,0,0,0,132
UA,8/23/2023,2432,N884UA,EWR,23:26,23:29,69,73,3,23:20,9,0,0,0,0,0
UA,8/23/2023,2637,N17730,ORD,16:51,16:55,111,114,4,16:49,6,0,0,0,0,0
UA,8/24/2023,210,N47275,ORD,21:14,21:05,114,107,-9,21:01,4,0,0,0,0,0
UA,8/24/2023,2371,N14249,DEN,23:10,23:09,201,205,-1,23:05,4,0,0,0,0,0
UA,8/24/2023,2432,N421UA,EWR,23:26,23:38,69,82,12,23:26,12,0,0,0,0,0
UA,8/24/2023,2637,N16732,ORD,16:51,16:38,111,100,-13,16:33,5,0,0,0,0,0
UA,8/25/2023,636,N69826,ORD,23:59,0:21,114,110,22,0:15,6,22,0,0,0,0
UA,8/25/2023,2371,N27213,DEN,23:10,23:03,201,191,-7,23:00,3,0,0,0,0,0
UA,8/25/2023,2432,N831UA,EWR,23:26,23:56,69,55,30,23:51,5,18,0,0,0,12
UA,8/25/2023,2637,N13718,ORD,16:51,16:44,111,105,-7,16:39,5,0,0,0,0,0
UA,8/26/2023,636,N27239,ORD,23:59,23:45,114,109,-14,23:34,11,0,0,0,0,0
UA,8/26/2023,2371,N11206,DEN,23:10,23:15,201,189,5,23:11,4,0,0,0,0,0
UA,8/26/2023,2432,N847UA,EWR,23:26,23:05,69,57,-21,23:00,5,0,0,0,0,0
UA,8/26/2023,2637,N24736,ORD,16:53,16:50,111,96,-3,16:45,5,0,0,0,0,0
UA,8/27/2023,636,N11206,ORD,23:59,23:54,114,104,-5,23:48,6,0,0,0,0,0
UA,8/27/2023,2371,N815UA,DEN,23:10,23:26,201,223,16,23:21,5,0,0,16,0,0
UA,8/27/2023,2432,N24202,EWR,23:26,23:08,69,58,-18,23:04,4,0,0,0,0,0
UA,8/27/2023,2637,N432UA,ORD,16:51,16:33,111,100,-18,16:24,9,0,0,0,0,0
UA,8/28/2023,210,N37287,ORD,21:14,20:58,114,98,-16,20:53,5,0,0,0,0,0
UA,8/28/2023,2371,N17233,DEN,23:10,23:56,201,221,46,23:49,7,3,0,20,0,23
UA,8/28/2023,2432,N815UA,EWR,23:26,23:08,69,60,-18,23:03,5,0,0,0,0,0
UA,8/28/2023,2637,N54711,ORD,16:51,16:38,111,93,-13,16:34,4,0,0,0,0,0
UA,8/29/2023,210,N77296,ORD,21:14,20:58,114,102,-16,20:54,4,0,0,0,0,0
UA,8/29/2023,2371,N73283,DEN,23:10,22:58,201,192,-12,22:54,4,0,0,0,0,0
UA,8/29/2023,2432,N815UA,EWR,23:26,23:28,69,81,2,23:24,4,0,0,0,0,0
UA,8/29/2023,2637,N16703,ORD,16:51,16:40,111,98,-11,16:36,4,0,0,0,0,0
UA,8/30/2023,210,N12225,ORD,21:14,21:56,114,118,42,21:49,7,0,0,4,0,38
UA,8/30/2023,2371,N73291,DEN,23:10,23:06,201,200,-4,23:03,3,0,0,0,0,0
UA,8/30/2023,2432,N822UA,EWR,23:26,0:35,69,69,69,0:27,8,0,0,0,0,69
UA,8/30/2023,2637,N27722,ORD,16:51,16:47,111,107,-4,16:43,4,0,0,0,0,0
UA,8/31/2023,210,N39297,ORD,21:14,21:10,114,118,-4,21:02,8,0,0,0,0,0
UA,8/31/2023,2371,N34222,DEN,23:10,1:09,201,205,119,1:03,6,0,0,79,0,40
UA,8/31/2023,2432,N828UA,EWR,23:26,23:18,69,70,-8,23:14,4,0,0,0,0,0
UA,8/31/2023,2637,N14704,ORD,16:51,16:35,111,101,-16,16:30,5,0,0,0,0,0
UA,9/1/2023,636,N47414,ORD,23:59,23:47,114,106,-12,23:41,6,0,0,0,0,0
UA,9/1/2023,2371,N37263,DEN,23:10,23:15,201,207,5,23:11,4,0,0,0,0,0
UA,9/1/2023,2432,N876UA,EWR,23:26,23:31,69,71,5,23:16,15,0,0,0,0,0
UA,9/1/2023,2637,N14731,ORD,16:51,16:42,111,102,-9,16:37,5,0,0,0,0,0
UA,9/2/2023,636,N37263,ORD,23:59,23:54,114,98,-5,23:48,6,0,0,0,0,0
UA,9/2/2023,2371,N39297,DEN,23:10,22:54,201,192,-16,22:50,4,0,0,0,0,0
UA,9/2/2023,2432,N819UA,EWR,23:26,23:17,69,73,-9,23:02,15,0,0,0,0,0
UA,9/2/2023,2637,N17730,ORD,16:53,16:36,111,100,-17,16:30,6,0,0,0,0,0
UA,9/3/2023,636,N78501,ORD,23:59,0:01,114,109,2,23:50,11,0,0,0,0,0
UA,9/3/2023,2371,N889UA,DEN,23:10,0:14,201,247,64,23:52,22,0,11,46,0,7
UA,9/3/2023,2432,N54241,EWR,23:26,23:46,69,53,20,23:43,3,20,0,0,0,0
UA,9/3/2023,2637,N467UA,ORD,16:51,16:58,111,100,7,16:53,5,0,0,0,0,0
UA,9/4/2023,210,N61887,ORD,21:14,21:10,114,110,-4,21:06,4,0,0,0,0,0
UA,9/4/2023,2371,N490UA,DEN,23:10,23:14,201,206,4,23:06,8,0,0,0,0,0
UA,9/4/2023,2432,N17289,EWR,23:59,1:10,69,55,71,1:06,4,18,0,0,0,53
UA,9/4/2023,2637,N27287,ORD,16:45,16:53,110,120,8,16:47,6,0,0,0,0,0
UA,9/5/2023,538,N38473,ORD,20:48,20:56,108,117,8,20:49,7,0,0,0,0,0
UA,9/5/2023,1585,N37253,DEN,22:51,23:19,197,216,28,23:04,15,9,0,19,0,0
UA,9/5/2023,1693,N814UA,ORD,16:44,17:34,109,101,50,17:30,4,50,0,0,0,0
UA,9/5/2023,2110,N16713,EWR,23:13,23:06,73,72,-7,23:02,4,0,0,0,0,0
UA,9/6/2023,538,N12238,ORD,20:48,22:31,108,111,103,22:26,5,0,0,3,0,100
UA,9/6/2023,1585,N37267,DEN,22:51,23:09,197,208,18,23:02,7,7,0,11,0,0
UA,9/6/2023,1693,N809UA,ORD,16:44,16:40,109,107,-4,16:35,5,0,0,0,0,0
UA,9/6/2023,2110,N15751,EWR,23:13,23:58,73,62,45,23:50,8,26,0,0,0,19
UA,9/7/2023,538,N37273,ORD,20:48,20:47,108,105,-1,20:39,8,0,0,0,0,0
UA,9/7/2023,1585,N37252,DEN,22:51,22:44,197,185,-7,22:39,5,0,0,0,0,0
UA,9/7/2023,1693,N875UA,ORD,16:44,16:35,109,102,-9,16:28,7,0,0,0,0,0
UA,9/7/2023,2110,,EWR,23:13,0:00,73,0,0,0:00,0,0,0,0,0,0
UA,9/8/2023,538,N11206,ORD,20:48,21:15,108,124,27,21:08,7,11,0,16,0,0
UA,9/8/2023,1585,N62849,DEN,22:51,22:49,197,195,-2,22:46,3,0,0,0,0,0
UA,9/8/2023,1693,N13720,ORD,16:44,16:43,109,109,-1,16:36,7,0,0,0,0,0
UA,9/8/2023,2110,N69804,EWR,23:13,23:51,73,68,38,23:45,6,38,0,0,0,0
UA,9/9/2023,538,N17245,ORD,20:48,23:21,108,122,153,22:54,27,2,0,14,0,137
UA,9/9/2023,1585,N75426,DEN,22:51,22:57,197,206,6,22:52,5,0,0,0,0,0
UA,9/9/2023,1693,,ORD,16:44,0:00,109,0,0,0:00,0,0,0,0,0,0
UA,9/9/2023,2110,,EWR,23:13,0:00,73,0,0,0:00,0,0,0,0,0,0
UA,9/10/2023,538,N35236,ORD,20:48,21:29,108,117,41,21:23,6,32,0,9,0,0
UA,9/10/2023,1585,N76505,DEN,22:51,22:53,197,192,2,22:48,5,0,0,0,0,0
UA,9/10/2023,2110,N37253,EWR,23:12,23:28,73,77,16,23:12,16,12,0,4,0,0
UA,9/11/2023,538,N77261,ORD,20:48,21:27,108,112,39,21:20,7,35,0,4,0,0
UA,9/11/2023,1585,N76515,DEN,22:51,22:48,197,185,-3,22:43,5,0,0,0,0,0
UA,9/11/2023,1693,N842UA,ORD,16:44,16:54,109,115,10,16:46,8,0,0,0,0,0
UA,9/11/2023,2110,N17752,EWR,23:13,0:54,73,56,101,0:49,5,5,0,0,0,96
UA,9/12/2023,538,N73251,ORD,20:48,20:36,108,103,-12,20:28,8,0,0,0,0,0
UA,9/12/2023,1585,N14250,DEN,22:51,23:01,197,205,10,22:56,5,0,0,0,0,0
UA,9/12/2023,1693,N854UA,ORD,16:44,16:40,109,109,-4,16:33,7,0,0,0,0,0
UA,9/12/2023,2110,N14731,EWR,23:13,23:27,73,91,14,23:13,14,0,0,0,0,0
UA,9/13/2023,538,N33209,ORD,20:48,20:55,108,112,7,20:50,5,0,0,0,0,0
UA,9/13/2023,1585,N34222,DEN,22:51,22:50,197,197,-1,22:45,5,0,0,0,0,0
UA,9/13/2023,1693,N830UA,ORD,16:44,16:42,109,104,-2,16:36,6,0,0,0,0,0
UA,9/13/2023,2110,N14731,EWR,23:12,23:19,73,82,7,23:15,4,0,0,0,0,0
UA,9/14/2023,538,N76502,ORD,20:48,20:39,108,103,-9,20:34,5,0,0,0,0,0
UA,9/14/2023,1585,N33203,DEN,22:51,23:47,197,204,56,23:37,10,0,49,7,0,0
UA,9/14/2023,1693,N841UA,ORD,16:44,17:10,109,116,26,17:04,6,19,0,7,0,0
UA,9/14/2023,2110,N29717,EWR,23:13,23:41,73,70,28,23:34,7,2,0,0,0,26
UA,9/15/2023,538,N37293,ORD,20:48,20:50,108,113,2,20:45,5,0,0,0,0,0
UA,9/15/2023,1585,N87513,DEN,22:51,22:45,197,192,-6,22:40,5,0,0,0,0,0
UA,9/15/2023,1693,N12754,ORD,16:44,16:43,109,110,-1,16:38,5,0,0,0,0,0
UA,9/15/2023,2110,N495UA,EWR,23:12,22:59,73,69,-13,22:55,4,0,0,0,0,0
UA,9/16/2023,538,N17314,ORD,20:57,20:49,108,101,-8,20:44,5,0,0,0,0,0
UA,9/16/2023,1585,N38443,DEN,22:51,22:51,197,201,0,22:45,6,0,0,0,0,0
UA,9/16/2023,1693,N889UA,ORD,16:44,17:28,109,97,44,17:23,5,44,0,0,0,0
UA,9/16/2023,2110,N472UA,EWR,23:12,3:18,73,48,246,3:13,5,87,0,0,0,159
UA,9/17/2023,538,N47291,ORD,20:57,20:52,108,105,-5,20:48,4,0,0,0,0,0
UA,9/17/2023,1585,N26226,DEN,22:51,22:58,197,197,7,22:53,5,0,0,0,0,0
UA,9/17/2023,2110,N468UA,EWR,23:12,23:14,73,67,2,23:05,9,0,0,0,0,0
UA,9/18/2023,538,N27252,ORD,20:57,20:46,108,106,-11,20:41,5,0,0,0,0,0
UA,9/18/2023,1585,N79541,DEN,22:51,23:48,197,239,57,23:42,6,15,0,42,0,0
UA,9/18/2023,1693,N891UA,ORD,16:44,16:41,109,105,-3,16:37,4,0,0,0,0,0
UA,9/18/2023,2110,N873UA,EWR,23:12,23:01,73,69,-11,22:56,5,0,0,0,0,0
UA,9/19/2023,538,N76265,ORD,20:57,21:20,108,136,23,21:14,6,0,0,23,0,0
UA,9/19/2023,1585,N27205,DEN,22:51,23:00,197,207,9,22:54,6,0,0,0,0,0
UA,9/19/2023,1693,N841UA,ORD,16:44,16:49,109,102,5,16:44,5,0,0,0,0,0
UA,9/19/2023,2110,N456UA,EWR,23:12,23:09,73,75,-3,23:01,8,0,0,0,0,0
UA,9/20/2023,538,N27252,ORD,20:57,21:13,108,124,16,21:08,5,0,0,16,0,0
UA,9/20/2023,1585,N78285,DEN,22:51,22:45,197,192,-6,22:41,4,0,0,0,0,0
UA,9/20/2023,1693,N804UA,ORD,16:44,16:56,109,107,12,16:51,5,0,0,0,0,0
UA,9/20/2023,2110,N484UA,EWR,23:12,23:02,73,69,-10,22:53,9,0,0,0,0,0
UA,9/21/2023,538,N27252,ORD,20:57,21:09,108,119,12,21:05,4,0,0,0,0,0
UA,9/21/2023,1585,N33209,DEN,22:51,23:07,197,207,16,23:03,4,2,0,10,0,4
UA,9/21/2023,1693,N835UA,ORD,16:44,16:59,109,103,15,16:55,4,2,0,0,0,13
UA,9/21/2023,2110,N53441,EWR,23:12,23:25,73,57,13,23:20,5,0,0,0,0,0
UA,9/22/2023,538,N27252,ORD,20:57,21:06,108,117,9,21:03,3,0,0,0,0,0
UA,9/22/2023,1585,N37253,DEN,22:51,23:05,197,214,14,22:56,9,0,0,0,0,0
UA,9/22/2023,2110,N27267,EWR,23:12,22:51,73,58,-21,22:45,6,0,0,0,0,0
UA,9/23/2023,538,N37313,ORD,20:57,20:53,108,108,-4,20:48,5,0,0,0,0,0
UA,9/23/2023,1585,N76533,DEN,22:51,23:03,197,197,12,22:52,11,0,0,0,0,0
UA,9/23/2023,1693,N880UA,ORD,16:44,16:39,109,98,-5,16:35,4,0,0,0,0,0
UA,9/23/2023,2110,N876UA,EWR,23:12,22:48,73,54,-24,22:44,4,0,0,0,0,0
UA,9/24/2023,538,N77259,ORD,20:57,20:48,108,107,-9,20:43,5,0,0,0,0,0
UA,9/24/2023,1585,N78511,DEN,22:51,22:58,197,209,7,22:54,4,0,0,0,0,0
UA,9/24/2023,1693,N837UA,ORD,16:44,16:32,109,95,-12,16:29,3,0,0,0,0,0
UA,9/24/2023,2110,N13750,EWR,23:12,1:17,73,52,125,1:13,4,23,0,0,0,102
UA,9/25/2023,538,N77259,ORD,20:57,21:06,108,108,9,21:01,5,0,0,0,0,0
UA,9/25/2023,1585,N77296,DEN,22:51,22:35,197,187,-16,22:30,5,0,0,0,0,0
UA,9/25/2023,1693,N4888U,ORD,16:44,17:01,109,107,17,16:57,4,17,0,0,0,0
UA,9/25/2023,2110,N893UA,EWR,23:12,1:33,73,67,141,1:29,4,16,0,0,0,125
UA,9/26/2023,538,N17301,ORD,20:57,20:48,108,104,-9,20:43,5,0,0,0,0,0
UA,9/26/2023,1585,N14231,DEN,22:51,22:55,197,199,4,22:51,4,0,0,0,0,0
UA,9/26/2023,1693,N836UA,ORD,16:44,17:31,109,101,47,17:28,3,5,0,0,0,42
UA,9/26/2023,2110,N17730,EWR,23:12,23:08,73,72,-4,22:56,12,0,0,0,0,0
UA,9/27/2023,538,N17311,ORD,20:57,21:12,108,109,15,21:09,3,0,0,1,0,14
UA,9/27/2023,1585,N27205,DEN,22:51,23:20,197,223,29,23:15,5,0,0,29,0,0
UA,9/27/2023,1693,N815UA,ORD,16:44,17:13,109,97,29,17:10,3,0,0,0,0,29
UA,9/27/2023,2110,N29717,EWR,23:12,23:21,73,70,9,23:09,12,0,0,0,0,0
UA,9/28/2023,538,N27283,ORD,20:57,20:49,108,111,-8,20:44,5,0,0,0,0,0
UA,9/28/2023,1585,N37274,DEN,22:51,22:41,197,192,-10,22:36,5,0,0,0,0,0
UA,9/28/2023,1693,N895UA,ORD,16:44,16:36,109,104,-8,16:32,4,0,0,0,0,0
UA,9/28/2023,2110,N412UA,EWR,23:12,22:58,73,61,-14,22:45,13,0,0,0,0,0
UA,9/29/2023,264,N87507,DEN,22:57,23:55,196,229,58,23:36,19,25,0,33,0,0
UA,9/29/2023,1693,N894UA,ORD,16:44,16:34,109,95,-10,16:31,3,0,0,0,0,0
UA,9/29/2023,1931,N17557,EWR,23:13,23:26,73,72,13,23:23,3,0,0,0,0,0
UA,9/29/2023,2145,N37287,ORD,21:08,21:04,108,107,-4,21:00,4,0,0,0,0,0
UA,9/30/2023,264,N39463,DEN,22:57,23:05,196,205,8,22:58,7,0,0,0,0,0
UA,9/30/2023,1693,N828UA,ORD,16:44,16:41,109,108,-3,16:37,4,0,0,0,0,0
UA,9/30/2023,1931,N75432,EWR,23:12,22:54,73,56,-18,22:49,5,0,0,0,0,0
UA,9/30/2023,2670,N27268,ORD,21:08,21:22,108,132,14,21:18,4,0,0,0,0,0
UA,10/1/2023,1341,N17289,EWR,23:12,23:30,73,55,18,23:25,5,8,0,0,0,10
UA,10/1/2023,1439,N69818,DEN,22:59,23:03,196,199,4,22:57,6,0,0,0,0,0
UA,10/1/2023,1494,N76517,ORD,21:08,0:04,108,129,176,23:42,22,11,0,21,0,144
UA,10/2/2023,1341,N47280,EWR,23:12,23:02,73,72,-10,22:57,5,0,0,0,0,0
UA,10/2/2023,1439,N37462,DEN,22:59,23:15,196,215,16,22:59,16,0,0,16,0,0
UA,10/2/2023,1494,N37464,ORD,21:08,21:04,108,109,-4,20:58,6,0,0,0,0,0
UA,10/3/2023,1341,N27274,EWR,23:12,22:56,73,63,-16,22:51,5,0,0,0,0,0
UA,10/3/2023,1439,N68452,DEN,22:59,23:33,196,231,34,23:26,7,0,0,34,0,0
UA,10/3/2023,1494,N77510,ORD,21:08,21:06,108,112,-2,21:00,6,0,0,0,0,0
UA,10/4/2023,1341,N27256,EWR,23:12,23:09,73,55,-3,23:06,3,0,0,0,0,0
UA,10/4/2023,1439,N27421,DEN,22:59,22:50,196,195,-9,22:47,3,0,0,0,0,0
UA,10/4/2023,1494,N87507,ORD,21:08,22:11,108,95,63,22:07,4,0,0,0,0,63
UA,10/5/2023,1341,N27292,EWR,23:12,22:40,73,49,-32,22:36,4,0,0,0,0,0
UA,10/5/2023,1439,N61898,DEN,22:59,22:46,196,186,-13,22:42,4,0,0,0,0,0
UA,10/5/2023,1494,N37263,ORD,21:08,21:11,108,113,3,21:06,5,0,0,0,0,0
UA,10/6/2023,1341,N17309,EWR,23:12,23:34,73,77,22,23:22,12,0,0,4,0,18
UA,10/6/2023,1439,N28478,DEN,22:59,22:56,196,199,-3,22:51,5,0,0,0,0,0
UA,10/6/2023,1494,N76504,ORD,21:08,20:58,108,103,-10,20:52,6,0,0,0,0,0
UA,10/7/2023,1341,N75429,EWR,23:12,22:56,73,59,-16,22:50,6,0,0,0,0,0
UA,10/7/2023,1439,N75436,DEN,22:59,23:06,196,209,7,22:58,8,0,0,0,0,0
UA,10/7/2023,1494,N17229,ORD,21:08,21:28,108,121,20,21:23,5,7,0,13,0,0
UA,10/8/2023,1341,N57299,EWR,23:12,23:47,73,62,35,23:42,5,30,0,0,0,5
UA,10/8/2023,1439,N66897,DEN,22:59,23:00,196,202,1,22:56,4,0,0,0,0,0
UA,10/8/2023,1494,N68805,ORD,21:08,21:10,108,114,2,21:05,5,0,0,0,0,0
UA,10/9/2023,1341,N17306,EWR,23:12,23:00,73,67,-12,22:55,5,0,0,0,0,0
UA,10/9/2023,1439,N39423,DEN,22:59,23:16,196,211,17,23:08,8,0,0,17,0,0
UA,10/9/2023,1494,N76504,ORD,21:08,21:14,108,117,6,21:08,6,0,0,0,0,0
UA,10/10/2023,1341,N47281,EWR,23:12,22:59,73,65,-13,22:50,9,0,0,0,0,0
UA,10/10/2023,1439,N62889,DEN,22:59,22:51,196,195,-8,22:46,5,0,0,0,0,0
UA,10/10/2023,1494,N76504,ORD,21:08,20:49,108,99,-19,20:45,4,0,0,0,0,0
UA,10/11/2023,1341,N27269,EWR,23:12,23:09,73,63,-3,23:04,5,0,0,0,0,0
UA,10/11/2023,1439,N68801,DEN,22:59,22:43,196,173,-16,22:39,4,0,0,0,0,0
UA,10/11/2023,1494,N13227,ORD,21:08,21:05,108,112,-3,20:59,6,0,0,0,0,0
UA,10/12/2023,1341,N17310,EWR,23:12,22:59,73,70,-13,22:53,6,0,0,0,0,0
UA,10/12/2023,1439,N68821,DEN,22:59,23:20,196,214,21,23:14,6,0,0,21,0,0
UA,10/12/2023,1494,N37290,ORD,21:08,22:05,108,104,57,21:59,6,0,0,0,0,57
UA,10/13/2023,1341,N57286,EWR,23:12,23:29,73,66,17,23:14,15,17,0,0,0,0
UA,10/13/2023,1439,N61887,DEN,22:59,22:54,196,194,-5,22:49,5,0,0,0,0,0
UA,10/13/2023,1494,N87531,ORD,21:08,21:05,108,105,-3,21:00,5,0,0,0,0,0
UA,10/14/2023,1341,N27266,EWR,23:12,23:18,73,76,6,23:13,5,0,0,0,0,0
UA,10/14/2023,1439,N61886,DEN,22:59,23:00,196,202,1,22:56,4,0,0,0,0,0
UA,10/15/2023,1341,N87527,EWR,23:12,23:28,73,67,16,23:23,5,16,0,0,0,0
UA,10/15/2023,1439,N38417,DEN,22:59,23:53,196,244,54,23:33,20,6,0,48,0,0
UA,10/15/2023,1494,N68843,ORD,21:08,21:46,108,150,38,21:39,7,0,0,38,0,0
UA,10/16/2023,1341,N17265,EWR,23:12,22:51,73,62,-21,22:46,5,0,0,0,0,0
UA,10/16/2023,1439,N38417,DEN,22:59,23:13,196,214,14,23:07,6,0,0,0,0,0
UA,10/16/2023,1494,N76533,ORD,21:08,21:40,108,137,32,21:35,5,0,0,32,0,0
UA,10/17/2023,1341,N27258,EWR,23:12,22:56,73,65,-16,22:51,5,0,0,0,0,0
UA,10/17/2023,1439,N73445,DEN,22:59,23:15,196,216,16,23:10,5,0,0,16,0,0
UA,10/17/2023,1494,N24202,ORD,21:08,21:10,108,113,2,21:05,5,0,0,0,0,0
UA,10/18/2023,1341,N69826,EWR,23:12,22:55,73,62,-17,22:50,5,0,0,0,0,0
UA,10/18/2023,1439,N67812,DEN,22:59,23:05,196,209,6,22:59,6,0,0,0,0,0
UA,10/18/2023,1494,N14219,ORD,21:08,21:07,108,112,-1,21:01,6,0,0,0,0,0
UA,10/19/2023,1341,N37554,EWR,23:12,22:57,73,54,-15,22:53,4,0,0,0,0,0
UA,10/19/2023,1439,N62883,DEN,22:59,23:34,196,206,35,23:29,5,7,0,10,0,18
UA,10/19/2023,1494,N37290,ORD,21:08,22:16,108,104,68,22:09,7,68,0,0,0,0
UA,10/20/2023,1341,N17272,EWR,23:12,23:10,73,79,-2,23:00,10,0,0,0,0,0
UA,10/20/2023,1439,N67846,DEN,22:59,22:41,196,183,-18,22:36,5,0,0,0,0,0
UA,10/20/2023,1494,N16234,ORD,21:08,21:20,108,124,12,21:15,5,0,0,0,0,0
UA,10/21/2023,1341,N37427,EWR,23:12,23:18,73,61,6,23:07,11,0,0,0,0,0
UA,10/21/2023,1439,N66808,DEN,22:59,22:55,196,195,-4,22:49,6,0,0,0,0,0
UA,10/21/2023,1494,N17322,ORD,21:08,21:12,108,119,4,21:07,5,0,0,0,0,0
UA,10/22/2023,1341,N17311,EWR,23:12,23:08,73,66,-4,23:02,6,0,0,0,0,0
UA,10/22/2023,1439,N68817,DEN,22:59,23:31,196,224,32,23:26,5,0,0,32,0,0
UA,10/22/2023,1494,N66837,ORD,21:08,21:25,108,127,17,21:19,6,0,0,17,0,0
UA,10/23/2023,1341,N57299,EWR,23:12,23:11,73,65,-1,23:07,4,0,0,0,0,0
UA,10/23/2023,1439,N17317,DEN,22:59,22:41,196,184,-18,22:38,3,0,0,0,0,0
UA,10/23/2023,1494,N27205,ORD,21:43,21:49,108,90,6,21:45,4,0,0,0,0,0
UA,10/24/2023,1341,N27263,EWR,23:12,23:19,73,85,7,23:04,15,0,0,0,0,0
UA,10/24/2023,1439,N66893,DEN,22:59,23:03,196,207,4,22:58,5,0,0,0,0,0
UA,10/24/2023,1494,N17244,ORD,21:08,21:02,108,103,-6,20:56,6,0,0,0,0,0
UA,10/25/2023,1341,N17309,EWR,23:12,23:22,73,59,10,23:18,4,0,0,0,0,0
UA,10/25/2023,1439,N36444,DEN,22:59,22:42,196,185,-17,22:37,5,0,0,0,0,0
UA,10/25/2023,1494,N37255,ORD,21:08,21:18,108,122,10,21:13,5,0,0,0,0,0
UA,10/26/2023,1341,N37295,EWR,23:12,22:58,73,63,-14,22:52,6,0,0,0,0,0
UA,10/26/2023,1439,N37470,DEN,22:59,22:55,196,189,-4,22:49,6,0,0,0,0,0
UA,10/26/2023,1494,N76265,ORD,21:08,21:20,108,126,12,21:16,4,0,0,0,0,0
UA,10/27/2023,1341,N27734,EWR,23:12,23:02,73,69,-10,22:47,15,0,0,0,0,0
UA,10/27/2023,1439,N73445,DEN,22:59,22:50,196,191,-9,22:44,6,0,0,0,0,0
UA,10/27/2023,1494,N76514,ORD,21:08,21:01,108,109,-7,20:55,6,0,0,0,0,0
UA,10/28/2023,1341,N27270,EWR,23:12,22:52,73,57,-20,22:46,6,0,0,0,0,0
UA,10/28/2023,1439,N816UA,DEN,22:59,22:58,196,193,-1,22:48,10,0,0,0,0,0
UA,10/28/2023,1494,N37293,ORD,21:08,21:02,108,105,-6,20:58,4,0,0,0,0,0
UA,10/29/2023,264,N837UA,DEN,23:18,0:44,193,165,86,0:38,6,40,0,0,0,46
UA,10/29/2023,538,N896UA,ORD,21:01,20:49,111,94,-12,20:44,5,0,0,0,0,0
UA,10/29/2023,625,N17296,EWR,22:57,0:11,67,73,74,0:07,4,68,0,6,0,0
UA,10/30/2023,264,N891UA,DEN,23:18,23:26,193,175,8,23:20,6,0,0,0,0,0
UA,10/30/2023,538,N821UA,ORD,21:01,20:48,111,96,-13,20:43,5,0,0,0,0,0
UA,10/30/2023,625,N27276,EWR,22:57,22:45,67,63,-12,22:40,5,0,0,0,0,0
UA,10/31/2023,264,N837UA,DEN,23:18,23:09,193,191,-9,23:05,4,0,0,0,0,0
UA,10/31/2023,538,N810UA,ORD,21:01,21:31,111,145,30,21:27,4,0,0,30,0,0
UA,10/31/2023,625,N17289,EWR,22:57,22:42,67,61,-15,22:38,4,0,0,0,0,0
UA,11/1/2023,264,N830UA,DEN,23:18,23:07,193,186,-11,23:03,4,0,0,0,0,0
UA,11/1/2023,538,N841UA,ORD,21:01,20:47,111,102,-14,20:42,5,0,0,0,0,0
UA,11/1/2023,625,N17317,EWR,22:57,22:39,67,57,-18,22:33,6,0,0,0,0,0
UA,11/2/2023,264,N828UA,DEN,23:18,23:26,193,206,8,23:22,4,0,0,0,0,0
UA,11/2/2023,538,N852UA,ORD,21:01,20:38,111,97,-23,20:33,5,0,0,0,0,0
UA,11/2/2023,625,N47281,EWR,22:57,22:49,67,59,-8,22:44,5,0,0,0,0,0
UA,11/3/2023,264,N464UA,DEN,23:18,22:59,193,182,-19,22:55,4,0,0,0,0,0
UA,11/3/2023,538,N809UA,ORD,21:01,20:47,111,98,-14,20:42,5,0,0,0,0,0
UA,11/3/2023,625,N77259,EWR,22:57,23:19,67,65,22,23:13,6,22,0,0,0,0
UA,11/4/2023,264,N814UA,DEN,23:18,23:16,193,204,-2,23:10,6,0,0,0,0,0
UA,11/4/2023,538,N806UA,ORD,21:01,20:48,111,106,-13,20:43,5,0,0,0,0,0
UA,11/4/2023,625,N37549,EWR,22:57,22:55,67,72,-2,22:50,5,0,0,0,0,0
UA,11/5/2023,264,N822UA,DEN,23:18,23:09,193,191,-9,23:04,5,0,0,0,0,0
UA,11/5/2023,538,N835UA,ORD,21:01,20:53,111,110,-8,20:47,6,0,0,0,0,0
UA,11/5/2023,625,N47281,EWR,22:57,22:42,67,60,-15,22:38,4,0,0,0,0,0
UA,11/6/2023,264,N431UA,DEN,23:18,0:50,193,179,92,0:45,5,0,0,0,0,92
UA,11/6/2023,538,N835UA,ORD,21:01,21:27,111,111,26,21:22,5,26,0,0,0,0
UA,11/6/2023,625,N37555,EWR,22:57,23:17,67,75,20,23:11,6,12,0,8,0,0
UA,11/7/2023,264,N827UA,DEN,23:18,23:01,193,183,-17,22:55,6,0,0,0,0,0
UA,11/7/2023,538,N896UA,ORD,21:01,20:47,111,101,-14,20:42,5,0,0,0,0,0
UA,11/7/2023,625,N27287,EWR,22:57,23:14,67,73,17,23:02,12,11,0,6,0,0
UA,11/8/2023,264,N807UA,DEN,23:18,23:35,193,171,17,23:30,5,0,0,0,0,17
UA,11/8/2023,538,N883UA,ORD,21:01,20:59,111,117,-2,20:55,4,0,0,0,0,0
UA,11/8/2023,625,N37295,EWR,22:57,22:59,67,67,2,22:55,4,0,0,0,0,0
UA,11/9/2023,264,N809UA,DEN,23:18,23:02,193,184,-16,22:57,5,0,0,0,0,0
UA,11/9/2023,538,N835UA,ORD,21:01,20:42,111,100,-19,20:36,6,0,0,0,0,0
UA,11/9/2023,625,N57299,EWR,22:57,22:47,67,66,-10,22:43,4,0,0,0,0,0
UA,11/10/2023,246,N14731,EWR,10:46,10:30,77,66,-16,10:25,5,0,0,0,0,0
UA,11/10/2023,264,N895UA,DEN,23:18,23:28,193,183,10,23:20,8,0,0,0,0,0
UA,11/10/2023,538,N889UA,ORD,21:01,20:51,111,105,-10,20:48,3,0,0,0,0,0
UA,11/10/2023,625,N27290,EWR,22:57,22:47,67,64,-10,22:43,4,0,0,0,0,0
UA,11/10/2023,729,N835UA,ORD,11:34,11:16,109,93,-18,11:13,3,0,0,0,0,0
UA,11/10/2023,1802,N827UA,ORD,16:45,16:30,110,98,-15,16:26,4,0,0,0,0,0
UA,11/11/2023,264,N812UA,DEN,23:18,23:16,193,194,-2,23:13,3,0,0,0,0,0
UA,11/11/2023,538,N809UA,ORD,21:01,21:08,111,122,7,21:01,7,0,0,0,0,0
UA,11/11/2023,625,N17311,EWR,22:57,22:42,67,58,-15,22:37,5,0,0,0,0,0
UA,11/12/2023,246,N27733,EWR,10:46,10:18,77,55,-28,10:15,3,0,0,0,0,0
UA,11/12/2023,264,N894UA,DEN,23:18,23:42,193,183,24,23:36,6,4,0,0,0,20
UA,11/12/2023,538,N803UA,ORD,21:01,21:11,111,105,10,21:05,6,0,0,0,0,0
UA,11/12/2023,625,N37319,EWR,22:57,22:43,67,63,-14,22:37,6,0,0,0,0,0
UA,11/12/2023,729,N418UA,ORD,11:34,11:20,109,94,-14,11:16,4,0,0,0,0,0
UA,11/12/2023,1802,N426UA,ORD,16:45,16:53,110,94,8,16:49,4,0,0,0,0,0
UA,11/13/2023,264,N848UA,DEN,23:18,1:02,193,198,104,0:53,9,12,0,5,0,87
UA,11/13/2023,538,N813UA,ORD,21:01,22:08,111,0,0,22:02,6,0,0,0,0,0
UA,11/13/2023,625,N17285,EWR,22:57,22:58,67,72,1,22:52,6,0,0,0,0,0
UA,11/14/2023,264,N844UA,DEN,23:18,23:11,193,195,-7,23:05,6,0,0,0,0,0
UA,11/14/2023,538,N823UA,ORD,21:01,20:45,111,103,-16,20:40,5,0,0,0,0,0
UA,11/14/2023,625,N77543,EWR,22:57,22:59,67,71,2,22:55,4,0,0,0,0,0
UA,11/15/2023,264,N844UA,DEN,23:18,23:23,193,201,5,23:18,5,0,0,0,0,0
UA,11/15/2023,538,N847UA,ORD,21:01,20:42,111,97,-19,20:38,4,0,0,0,0,0
UA,11/15/2023,625,N17314,EWR,22:57,22:48,67,61,-9,22:42,6,0,0,0,0,0
UA,11/16/2023,264,N854UA,DEN,23:18,23:07,193,190,-11,23:03,4,0,0,0,0,0
UA,11/16/2023,538,N829UA,ORD,21:01,20:42,111,95,-19,20:38,4,0,0,0,0,0
UA,11/16/2023,625,N27273,EWR,22:57,22:54,67,69,-3,22:39,15,0,0,0,0,0
UA,11/17/2023,264,N836UA,DEN,23:18,23:30,193,210,12,23:18,12,0,0,0,0,0
UA,11/17/2023,538,N814UA,ORD,21:01,22:38,111,102,97,22:33,5,0,0,0,0,97
UA,11/17/2023,625,N37257,EWR,22:57,22:35,67,59,-22,22:31,4,0,0,0,0,0
UA,11/18/2023,264,N803UA,DEN,23:18,23:06,193,191,-12,23:02,4,0,0,0,0,0
UA,11/18/2023,538,N880UA,ORD,21:01,21:08,111,109,7,21:04,4,0,0,0,0,0
UA,11/18/2023,625,N15751,EWR,22:57,22:43,67,60,-14,22:39,4,0,0,0,0,0
UA,11/19/2023,264,N834UA,DEN,23:18,23:28,193,207,10,23:15,13,0,0,0,0,0
UA,11/19/2023,538,N892UA,ORD,21:01,20:55,111,109,-6,20:49,6,0,0,0,0,0
UA,11/19/2023,625,N27261,EWR,22:57,23:43,67,70,46,23:32,11,42,0,3,0,1
UA,11/20/2023,264,N818UA,DEN,23:18,23:40,193,207,22,23:35,5,8,0,14,0,0
UA,11/20/2023,538,N830UA,ORD,21:01,21:09,111,120,8,21:05,4,0,0,0,0,0
UA,11/20/2023,625,N47280,EWR,22:57,23:12,67,57,15,23:06,6,14,0,0,0,1
UA,11/21/2023,264,N838UA,DEN,23:18,23:23,193,200,5,23:18,5,0,0,0,0,0
UA,11/21/2023,538,N850UA,ORD,21:01,20:49,111,99,-12,20:45,4,0,0,0,0,0
UA,11/21/2023,625,N17312,EWR,22:57,22:57,67,68,0,22:53,4,0,0,0,0,0
UA,11/22/2023,264,N833UA,DEN,23:18,23:23,193,206,5,23:18,5,0,0,0,0,0
UA,11/22/2023,538,N853UA,ORD,21:01,20:53,111,106,-8,20:48,5,0,0,0,0,0
UA,11/22/2023,625,N17302,EWR,22:57,22:56,67,66,-1,22:51,5,0,0,0,0,0
UA,11/23/2023,418,N889UA,DEN,18:43,19:12,193,195,29,18:58,14,27,0,2,0,0
UA,11/23/2023,1802,N876UA,ORD,16:51,16:43,111,107,-8,16:36,7,0,0,0,0,0
UA,11/24/2023,264,N850UA,DEN,23:18,23:27,193,206,9,23:22,5,0,0,0,0,0
UA,11/24/2023,538,N808UA,ORD,21:01,20:39,111,94,-22,20:34,5,0,0,0,0,0
UA,11/24/2023,625,N25705,EWR,23:06,23:52,67,59,46,23:44,8,46,0,0,0,0
UA,11/25/2023,264,N416UA,DEN,23:18,23:21,193,187,3,23:17,4,0,0,0,0,0
UA,11/25/2023,538,N876UA,ORD,21:01,20:52,111,107,-9,20:41,11,0,0,0,0,0
UA,11/25/2023,625,N37308,EWR,22:57,22:41,67,61,-16,22:36,5,0,0,0,0,0
UA,11/26/2023,264,N852UA,DEN,23:13,23:15,193,173,2,23:10,5,0,0,0,0,0
UA,11/26/2023,538,N818UA,ORD,21:01,21:38,111,111,37,21:34,4,29,0,0,0,8
UA,11/26/2023,625,N38467,EWR,22:57,23:41,67,73,44,23:34,7,4,0,6,0,34
UA,11/27/2023,264,N838UA,DEN,23:18,23:27,193,184,9,23:23,4,0,0,0,0,0
UA,11/27/2023,538,N847UA,ORD,21:01,20:46,111,101,-15,20:40,6,0,0,0,0,0
UA,11/27/2023,625,N27260,EWR,22:57,22:51,67,64,-6,22:46,5,0,0,0,0,0
UA,11/27/2023,1764,N811UA,ORD,3:17,3:00,109,98,-17,2:55,5,0,0,0,0,0
UA,11/28/2023,264,N835UA,DEN,23:18,23:30,193,209,12,23:20,10,0,0,0,0,0
UA,11/28/2023,538,N822UA,ORD,21:01,20:57,111,110,-4,20:50,7,0,0,0,0,0
UA,11/28/2023,625,N27260,EWR,22:57,23:16,67,87,19,23:09,7,0,0,19,0,0
UA,11/29/2023,264,N833UA,DEN,23:18,23:14,193,193,-4,23:10,4,0,0,0,0,0
UA,11/29/2023,538,N892UA,ORD,21:01,20:45,111,101,-16,20:39,6,0,0,0,0,0
UA,11/29/2023,625,N27277,EWR,22:57,22:42,67,60,-15,22:37,5,0,0,0,0,0
UA,11/30/2023,264,N851UA,DEN,23:18,23:19,193,196,1,23:13,6,0,0,0,0,0
UA,11/30/2023,538,N854UA,ORD,21:01,20:33,111,95,-28,20:27,6,0,0,0,0,0
UA,11/30/2023,625,N27277,EWR,22:57,22:54,67,67,-3,22:48,6,0,0,0,0,0
UA,12/1/2023,264,N813UA,DEN,23:18,23:00,193,185,-18,22:52,8,0,0,0,0,0
UA,12/1/2023,538,N802UA,ORD,21:01,1:36,111,0,0,1:31,5,0,0,0,0,0
UA,12/1/2023,625,N27277,EWR,22:57,22:48,67,65,-9,22:43,5,0,0,0,0,0
UA,12/2/2023,264,N893UA,DEN,23:18,23:47,193,190,29,23:42,5,0,0,0,0,29
UA,12/2/2023,538,N803UA,ORD,21:01,21:16,111,122,15,21:11,5,0,0,15,0,0
UA,12/2/2023,625,N37465,EWR,22:57,22:31,67,63,-26,22:24,7,0,0,0,0,0
UA,12/3/2023,264,N807UA,DEN,23:18,23:11,193,193,-7,23:07,4,0,0,0,0,0
UA,12/3/2023,538,N847UA,ORD,21:01,20:48,111,101,-13,20:44,4,0,0,0,0,0
UA,12/3/2023,625,N27268,EWR,22:57,23:45,67,76,48,23:40,5,39,0,9,0,0
UA,12/4/2023,264,N884UA,DEN,23:18,0:43,193,189,85,0:39,4,18,0,0,0,67
UA,12/4/2023,538,N801UA,ORD,21:01,20:50,111,100,-11,20:44,6,0,0,0,0,0
UA,12/4/2023,625,N27273,EWR,22:57,22:52,67,68,-5,22:47,5,0,0,0,0,0
UA,12/5/2023,264,N804UA,DEN,23:18,23:27,193,208,9,23:23,4,0,0,0,0,0
UA,12/5/2023,538,N825UA,ORD,21:01,20:59,111,112,-2,20:54,5,0,0,0,0,0
UA,12/5/2023,625,N27251,EWR,22:57,22:46,67,66,-11,22:41,5,0,0,0,0,0
UA,12/6/2023,264,N804UA,DEN,23:18,23:11,193,194,-7,23:07,4,0,0,0,0,0
UA,12/6/2023,355,N883UA,ORD,21:01,21:46,111,126,45,21:40,6,0,0,15,0,30
UA,12/6/2023,625,N37278,EWR,22:57,22:53,67,57,-4,22:48,5,0,0,0,0,0
UA,12/7/2023,264,N842UA,DEN,23:18,23:33,193,210,15,23:28,5,0,0,15,0,0
UA,12/7/2023,538,N878UA,ORD,21:01,21:02,111,111,1,20:55,7,0,0,0,0,0
UA,12/7/2023,625,N77259,EWR,22:57,22:52,67,72,-5,22:47,5,0,0,0,0,0
UA,12/8/2023,264,N818UA,DEN,23:18,23:00,193,186,-18,22:56,4,0,0,0,0,0
UA,12/8/2023,538,N851UA,ORD,21:01,20:52,111,105,-9,20:47,5,0,0,0,0,0
UA,12/8/2023,625,N37278,EWR,22:57,23:14,67,56,17,23:11,3,0,0,0,0,17
UA,12/9/2023,264,N814UA,DEN,23:18,1:08,193,208,110,1:04,4,65,0,15,0,30
UA,12/9/2023,538,N883UA,ORD,21:01,20:47,111,97,-14,20:42,5,0,0,0,0,0
UA,12/9/2023,625,N63890,EWR,22:57,23:07,67,57,10,23:02,5,0,0,0,0,0
UA,12/10/2023,264,N890UA,DEN,23:18,23:12,193,192,-6,23:07,5,0,0,0,0,0
UA,12/10/2023,538,N818UA,ORD,21:01,21:35,111,115,34,21:29,6,30,0,4,0,0
UA,12/10/2023,625,N17326,EWR,22:57,23:56,67,78,59,23:33,23,0,0,11,0,48
UA,12/11/2023,264,N819UA,DEN,23:18,23:09,193,199,-9,23:05,4,0,0,0,0,0
UA,12/11/2023,538,N445UA,ORD,21:01,20:47,111,107,-14,20:42,5,0,0,0,0,0
UA,12/11/2023,625,N17289,EWR,22:57,22:47,67,61,-10,22:43,4,0,0,0,0,0
UA,12/12/2023,264,N882UA,DEN,23:18,23:50,193,178,32,23:45,5,32,0,0,0,0
UA,12/12/2023,538,N801UA,ORD,21:01,20:42,111,98,-19,20:37,5,0,0,0,0,0
UA,12/12/2023,625,N17294,EWR,22:57,22:46,67,60,-11,22:42,4,0,0,0,0,0
UA,12/13/2023,264,N847UA,DEN,23:18,23:49,193,228,31,23:45,4,0,0,31,0,0
UA,12/13/2023,538,N801UA,ORD,21:01,20:56,111,109,-5,20:51,5,0,0,0,0,0
UA,12/13/2023,625,N27273,EWR,22:57,23:06,67,67,9,23:00,6,0,0,0,0,0
UA,12/14/2023,264,N872UA,DEN,23:18,23:20,193,203,2,23:14,6,0,0,0,0,0
UA,12/14/2023,538,N851UA,ORD,21:01,20:54,111,111,-7,20:49,5,0,0,0,0,0
UA,12/14/2023,625,N17262,EWR,23:02,23:00,67,73,-2,22:55,5,0,0,0,0,0
UA,12/15/2023,264,N883UA,DEN,23:18,23:14,193,196,-4,23:10,4,0,0,0,0,0
UA,12/15/2023,538,N896UA,ORD,21:01,20:54,111,107,-7,20:49,5,0,0,0,0,0
UA,12/15/2023,625,N13720,EWR,23:02,22:51,67,64,-11,22:45,6,0,0,0,0,0
UA,12/16/2023,264,N822UA,DEN,23:18,23:13,193,195,-5,23:06,7,0,0,0,0,0
UA,12/16/2023,538,N825UA,ORD,21:01,20:52,111,95,-9,20:48,4,0,0,0,0,0
UA,12/16/2023,625,N17302,EWR,23:02,22:48,67,55,-14,22:44,4,0,0,0,0,0
UA,12/17/2023,264,N873UA,DEN,23:18,23:05,193,184,-13,23:01,4,0,0,0,0,0
UA,12/17/2023,538,N851UA,ORD,21:01,20:50,111,100,-11,20:46,4,0,0,0,0,0
UA,12/17/2023,625,N37318,EWR,23:02,23:12,67,70,10,23:08,4,0,0,0,0,0
UA,12/18/2023,264,N428UA,DEN,23:18,23:25,193,205,7,23:20,5,0,0,0,0,0
UA,12/18/2023,538,N855UA,ORD,21:01,20:47,111,99,-14,20:42,5,0,0,0,0,0
UA,12/18/2023,625,N54711,EWR,23:02,22:56,67,56,-6,22:51,5,0,0,0,0,0
UA,12/19/2023,264,N893UA,DEN,23:18,23:19,193,198,1,23:15,4,0,0,0,0,0
UA,12/19/2023,538,N878UA,ORD,21:01,20:59,111,113,-2,20:53,6,0,0,0,0,0
UA,12/19/2023,625,N24715,EWR,23:02,22:49,67,59,-13,22:44,5,0,0,0,0,0
UA,12/20/2023,264,N76519,DEN,23:18,23:31,193,206,13,23:27,4,0,0,0,0,0
UA,12/20/2023,625,N438UA,EWR,23:02,22:51,67,59,-11,22:46,5,0,0,0,0,0
UA,12/20/2023,1983,N837UA,ORD,21:09,21:09,114,114,0,21:05,4,0,0,0,0,0
UA,12/21/2023,264,N475UA,DEN,23:05,23:04,198,199,-1,22:52,12,0,0,0,0,0
UA,12/21/2023,1552,N16703,EWR,23:09,22:51,74,60,-18,22:45,6,0,0,0,0,0
UA,12/22/2023,264,N474UA,DEN,23:05,22:56,198,190,-9,22:52,4,0,0,0,0,0
UA,12/22/2023,1552,N17730,EWR,23:09,22:55,74,62,-14,22:51,4,0,0,0,0,0
UA,12/22/2023,1983,N831UA,ORD,21:09,21:22,114,130,13,21:18,4,0,0,0,0,0
UA,12/23/2023,264,N435UA,DEN,23:05,22:47,198,185,-18,22:43,4,0,0,0,0,0
UA,12/23/2023,783,N17730,ORD,23:59,0:48,114,114,49,0:42,6,7,0,0,0,42
UA,12/23/2023,1552,N37319,EWR,23:29,1:09,74,63,100,1:01,8,14,0,0,0,86
UA,12/24/2023,264,N426UA,DEN,23:05,23:14,198,197,9,23:06,8,0,0,0,0,0
UA,12/24/2023,1552,N27519,EWR,23:09,23:04,74,60,-5,22:58,6,0,0,0,0,0
UA,12/24/2023,1983,N495UA,ORD,21:09,23:31,114,118,142,23:04,27,62,0,4,0,76
UA,12/25/2023,264,N452UA,DEN,23:05,23:17,198,203,12,23:12,5,0,0,0,0,0
UA,12/25/2023,1552,N892UA,EWR,23:09,22:52,74,69,-17,22:47,5,0,0,0,0,0
UA,12/25/2023,1983,N422UA,ORD,21:09,21:29,114,128,20,21:25,4,6,0,14,0,0
UA,12/26/2023,264,N457UA,DEN,23:05,23:49,198,205,44,23:43,6,0,0,12,0,32
UA,12/26/2023,1552,N825UA,EWR,23:09,22:55,74,66,-14,22:49,6,0,0,0,0,0
UA,12/26/2023,1983,N837UA,ORD,21:09,20:59,114,98,-10,20:55,4,0,0,0,0,0
UA,12/27/2023,264,N456UA,DEN,23:05,23:34,198,212,29,23:20,14,15,0,14,0,0
UA,12/27/2023,1552,N892UA,EWR,23:09,23:36,74,57,27,23:28,8,2,0,0,0,25
UA,12/27/2023,1983,N850UA,ORD,21:09,21:27,114,123,18,21:23,4,9,0,9,0,0
UA,12/28/2023,264,N476UA,DEN,23:05,23:12,198,208,7,23:07,5,0,0,0,0,0
UA,12/28/2023,1552,N441UA,EWR,23:09,22:56,74,68,-13,22:41,15,0,0,0,0,0
UA,12/28/2023,1983,N879UA,ORD,21:09,21:06,114,113,-3,21:03,3,0,0,0,0,0
UA,12/29/2023,264,N416UA,DEN,23:05,23:12,198,215,7,23:07,5,0,0,0,0,0
UA,12/29/2023,1552,N17752,EWR,23:09,22:50,74,57,-19,22:43,7,0,0,0,0,0
UA,12/29/2023,1983,N897UA,ORD,21:09,21:08,114,116,-1,21:02,6,0,0,0,0,0
UA,12/30/2023,264,N414UA,DEN,23:05,23:03,198,200,-2,22:57,6,0,0,0,0,0
UA,12/30/2023,783,N17719,ORD,23:59,0:13,114,104,14,0:08,5,0,0,0,0,0
UA,12/30/2023,1552,N17322,EWR,23:29,23:22,74,73,-7,23:12,10,0,0,0,0,0
UA,12/31/2023,264,N437UA,DEN,23:05,23:10,198,210,5,23:00,10,0,0,0,0,0
UA,12/31/2023,1552,N69830,EWR,23:09,22:56,74,70,-13,22:51,5,0,0,0,0,0
UA,12/31/2023,1983,N836UA,ORD,21:09,20:59,114,113,-10,20:54,5,0,0,0,0,0
